-- MySQL dump 10.13  Distrib 8.0.33, for Win64 (x86_64)
--
-- Host: localhost    Database: shopmedb
-- ------------------------------------------------------
-- Server version	8.0.33

/*!40101 SET @OLD_CHARACTER_SET_CLIENT=@@CHARACTER_SET_CLIENT */;
/*!40101 SET @OLD_CHARACTER_SET_RESULTS=@@CHARACTER_SET_RESULTS */;
/*!40101 SET @OLD_COLLATION_CONNECTION=@@COLLATION_CONNECTION */;
/*!50503 SET NAMES utf8 */;
/*!40103 SET @OLD_TIME_ZONE=@@TIME_ZONE */;
/*!40103 SET TIME_ZONE='+00:00' */;
/*!40014 SET @OLD_UNIQUE_CHECKS=@@UNIQUE_CHECKS, UNIQUE_CHECKS=0 */;
/*!40014 SET @OLD_FOREIGN_KEY_CHECKS=@@FOREIGN_KEY_CHECKS, FOREIGN_KEY_CHECKS=0 */;
/*!40101 SET @OLD_SQL_MODE=@@SQL_MODE, SQL_MODE='NO_AUTO_VALUE_ON_ZERO' */;
/*!40111 SET @OLD_SQL_NOTES=@@SQL_NOTES, SQL_NOTES=0 */;

--
-- Table structure for table `addresses`
--

DROP TABLE IF EXISTS `addresses`;
/*!40101 SET @saved_cs_client     = @@character_set_client */;
/*!50503 SET character_set_client = utf8mb4 */;
CREATE TABLE `addresses` (
  `id` int NOT NULL AUTO_INCREMENT,
  `address_line_1` varchar(64) NOT NULL,
  `address_line_2` varchar(64) DEFAULT NULL,
  `city` varchar(45) NOT NULL,
  `first_name` varchar(45) NOT NULL,
  `last_name` varchar(45) NOT NULL,
  `phone_number` varchar(15) NOT NULL,
  `postal_code` varchar(10) NOT NULL,
  `state` varchar(45) NOT NULL,
  `default_address` bit(1) DEFAULT NULL,
  `country_id` int DEFAULT NULL,
  `customer_id` int DEFAULT NULL,
  PRIMARY KEY (`id`),
  KEY `FKn3sth7s3kur1rafwbbrqqnswt` (`country_id`),
  KEY `FKhrpf5e8dwasvdc5cticysrt2k` (`customer_id`),
  CONSTRAINT `FKhrpf5e8dwasvdc5cticysrt2k` FOREIGN KEY (`customer_id`) REFERENCES `customers` (`id`),
  CONSTRAINT `FKn3sth7s3kur1rafwbbrqqnswt` FOREIGN KEY (`country_id`) REFERENCES `countries` (`id`)
) ENGINE=InnoDB DEFAULT CHARSET=utf8mb4 COLLATE=utf8mb4_0900_ai_ci;
/*!40101 SET character_set_client = @saved_cs_client */;

--
-- Dumping data for table `addresses`
--

LOCK TABLES `addresses` WRITE;
/*!40000 ALTER TABLE `addresses` DISABLE KEYS */;
/*!40000 ALTER TABLE `addresses` ENABLE KEYS */;
UNLOCK TABLES;

--
-- Table structure for table `brands`
--

DROP TABLE IF EXISTS `brands`;
/*!40101 SET @saved_cs_client     = @@character_set_client */;
/*!50503 SET character_set_client = utf8mb4 */;
CREATE TABLE `brands` (
  `id` int NOT NULL AUTO_INCREMENT,
  `name` varchar(45) NOT NULL,
  `logo` varchar(128) NOT NULL,
  PRIMARY KEY (`id`),
  UNIQUE KEY `UK_oce3937d2f4mpfqrycbr0l93m` (`name`)
) ENGINE=InnoDB AUTO_INCREMENT=55 DEFAULT CHARSET=utf8mb4 COLLATE=utf8mb4_0900_ai_ci;
/*!40101 SET character_set_client = @saved_cs_client */;

--
-- Dumping data for table `brands`
--

LOCK TABLES `brands` WRITE;
/*!40000 ALTER TABLE `brands` DISABLE KEYS */;
INSERT INTO `brands` VALUES (1,'Canon','Canon.png'),(2,'Fujifilm','Fujifilm.png'),(3,'Sony','Sony.png'),(4,'HP','HP.png'),(5,'SanDisk','SanDisk.png'),(6,'Western Digital','Western Digital.png'),(7,'Panasonic','Panasonic.png'),(8,'Pelican','Pelican.png'),(9,'Apple','Apple.png'),(10,'Samsung','Samsung.png'),(11,'Olympus','Olympus.png'),(12,'CADeN','Caden.png'),(13,'AmazonBasics','amazonbasics.png'),(14,'Nikon','Nikon.png'),(15,'Neewer','Neewer.png'),(16,'Sigma','Sigma.png'),(17,'Bosch','Bosch.png'),(18,'Joby','Joby.png'),(19,'GoPro','GoPro.png'),(20,'Manfrotto','Manfrotto.png'),(21,'Google','Google.png'),(22,'LG','LG.png'),(23,'Motorola','Motorola.png'),(24,'Pantech','Pantech.png'),(25,'Huawei','Huawei.png'),(26,'Xiaomi','Xiaomi.png'),(27,'HOVAMP','Hovamp.png'),(28,'Aioneus','Aioneus.png'),(29,'XIAE','XIAE.png'),(30,'Everyworth','Everyworth.png'),(31,'Lexar','Lexar.png'),(32,'Nulaxy','Nulaxy.png'),(33,'Fitfort','Fitfort.png'),(34,'PopSockets','PopSocket.png'),(35,'SHAWE','SHAWE.png'),(36,'Lenovo','Lenovo.png'),(37,'Acer','Acer.png'),(38,'Dell','Dell.png'),(39,'Intel','Intel.png'),(40,'ASUS','ASUS.png'),(41,'Microsoft','Microsoft.png'),(42,'DragonTouch','DragonTouch.png'),(43,'AMD','AMD.png'),(44,'XFX','XFX.png'),(45,'MSI','MSI.png'),(46,'Seagate','Seagate.png'),(47,'Cosair','Corsair.png'),(48,'Thermaltake','Thermaltake.png'),(49,'Kingston','Kingston.png'),(50,'Creative','Creative.png'),(51,'Crucial','Crucial.png'),(52,'HyperX','HyperX.png'),(53,'Gigabyte','Gigabyte.png'),(54,'TP-Link','TP-Link.png');
/*!40000 ALTER TABLE `brands` ENABLE KEYS */;
UNLOCK TABLES;

--
-- Table structure for table `brands_categories`
--

DROP TABLE IF EXISTS `brands_categories`;
/*!40101 SET @saved_cs_client     = @@character_set_client */;
/*!50503 SET character_set_client = utf8mb4 */;
CREATE TABLE `brands_categories` (
  `brand_id` int NOT NULL,
  `category_id` int NOT NULL,
  PRIMARY KEY (`brand_id`,`category_id`),
  KEY `FK6x68tjj3eay19skqlhn7ls6ai` (`category_id`),
  CONSTRAINT `FK58ksmicdguvu4d7b6yglgqvxo` FOREIGN KEY (`brand_id`) REFERENCES `brands` (`id`),
  CONSTRAINT `FK6x68tjj3eay19skqlhn7ls6ai` FOREIGN KEY (`category_id`) REFERENCES `categories` (`id`)
) ENGINE=InnoDB DEFAULT CHARSET=utf8mb4 COLLATE=utf8mb4_0900_ai_ci;
/*!40101 SET character_set_client = @saved_cs_client */;

--
-- Dumping data for table `brands_categories`
--

LOCK TABLES `brands_categories` WRITE;
/*!40000 ALTER TABLE `brands_categories` DISABLE KEYS */;
INSERT INTO `brands_categories` VALUES (6,1),(1,2),(2,2),(3,2),(7,2),(8,2),(9,4),(4,5),(9,5),(10,5),(36,5),(37,5),(38,5),(39,5),(40,5),(4,6),(9,6),(10,6),(36,6),(37,6),(38,6),(40,6),(9,7),(10,7),(36,7),(37,7),(38,7),(40,7),(41,7),(42,7),(8,9),(12,9),(13,9),(1,10),(3,10),(7,10),(11,10),(14,10),(1,11),(3,11),(14,11),(15,11),(1,12),(14,12),(16,12),(17,13),(18,13),(19,13),(20,13),(9,14),(10,14),(21,14),(22,14),(23,14),(24,14),(9,15),(10,15),(21,15),(23,15),(25,15),(26,15),(27,17),(28,17),(29,17),(30,17),(5,18),(10,18),(31,18),(20,19),(32,19),(33,19),(34,19),(35,19),(39,22),(43,22),(43,23),(44,23),(45,23),(5,24),(6,24),(10,24),(46,24),(10,25),(22,25),(40,25),(40,26),(47,26),(48,26),(5,27),(6,27),(10,27),(49,27),(40,28),(50,28),(5,29),(6,29),(10,29),(47,29),(49,29),(51,29),(52,29),(40,30),(45,30),(53,30),(5,31),(54,31);
/*!40000 ALTER TABLE `brands_categories` ENABLE KEYS */;
UNLOCK TABLES;

--
-- Table structure for table `cart_items`
--

DROP TABLE IF EXISTS `cart_items`;
/*!40101 SET @saved_cs_client     = @@character_set_client */;
/*!50503 SET character_set_client = utf8mb4 */;
CREATE TABLE `cart_items` (
  `id` int NOT NULL AUTO_INCREMENT,
  `quantity` int NOT NULL,
  `customer_id` int DEFAULT NULL,
  `product_id` int DEFAULT NULL,
  PRIMARY KEY (`id`),
  KEY `FKdagcsk6v6x4n1kxw3rkp57921` (`customer_id`),
  KEY `FK1re40cjegsfvw58xrkdp6bac6` (`product_id`),
  CONSTRAINT `FK1re40cjegsfvw58xrkdp6bac6` FOREIGN KEY (`product_id`) REFERENCES `products` (`id`),
  CONSTRAINT `FKdagcsk6v6x4n1kxw3rkp57921` FOREIGN KEY (`customer_id`) REFERENCES `customers` (`id`)
) ENGINE=InnoDB DEFAULT CHARSET=utf8mb4 COLLATE=utf8mb4_0900_ai_ci;
/*!40101 SET character_set_client = @saved_cs_client */;

--
-- Dumping data for table `cart_items`
--

LOCK TABLES `cart_items` WRITE;
/*!40000 ALTER TABLE `cart_items` DISABLE KEYS */;
/*!40000 ALTER TABLE `cart_items` ENABLE KEYS */;
UNLOCK TABLES;

--
-- Table structure for table `categories`
--

DROP TABLE IF EXISTS `categories`;
/*!40101 SET @saved_cs_client     = @@character_set_client */;
/*!50503 SET character_set_client = utf8mb4 */;
CREATE TABLE `categories` (
  `id` int NOT NULL AUTO_INCREMENT,
  `name` varchar(128) NOT NULL,
  `alias` varchar(64) NOT NULL,
  `image` varchar(128) NOT NULL,
  `enabled` bit(1) NOT NULL,
  `parent_id` int DEFAULT NULL,
  `all_parent_ids` varchar(256) DEFAULT NULL,
  PRIMARY KEY (`id`),
  UNIQUE KEY `UK_jx1ptm0r46dop8v0o7nmgfbeq` (`alias`),
  UNIQUE KEY `UK_t8o6pivur7nn124jehx7cygw5` (`name`),
  KEY `FKsaok720gsu4u2wrgbk10b5n8d` (`parent_id`),
  CONSTRAINT `FKsaok720gsu4u2wrgbk10b5n8d` FOREIGN KEY (`parent_id`) REFERENCES `categories` (`id`)
) ENGINE=InnoDB AUTO_INCREMENT=33 DEFAULT CHARSET=utf8mb4 COLLATE=utf8mb4_0900_ai_ci;
/*!40101 SET character_set_client = @saved_cs_client */;

--
-- Dumping data for table `categories`
--

LOCK TABLES `categories` WRITE;
/*!40000 ALTER TABLE `categories` DISABLE KEYS */;
INSERT INTO `categories` VALUES (1,'Electronics','electronics','electronics.png',_binary '',NULL,NULL),(2,'Camera & Photo','camera','camera.jpg',_binary '',1,NULL),(3,'Computers','computers','computers.png',_binary '',NULL,NULL),(4,'Cell Phones & Accessories','cellphones','cellphones.png',_binary '',1,NULL),(5,'Desktops','desktop_computers','desktop computers.png',_binary '',3,NULL),(6,'Laptops','laptop_computers','laptop computers.png',_binary '',3,NULL),(7,'Tablets','tablet_computers','tablets.png',_binary '',3,NULL),(8,'Computer Components','computer_components','computer components.png',_binary '',3,NULL),(9,'Bags & Cases','camera_bags_cases','bags_cases.png',_binary '',2,NULL),(10,'Digital Cameras','digital_cameras','digital cameras.png',_binary '',2,NULL),(11,'Flashes','camera_flashes','flashes.png',_binary '',2,NULL),(12,'Lenses','camera_lenses','lenses.png',_binary '',2,NULL),(13,'Tripods & Monopods','camera_tripods_monopods','tripods_monopods.png',_binary '',2,NULL),(14,'Carrier Cell Phones','carrier_cellphones','carrier cellphones.png',_binary '',4,NULL),(15,'Unlocked Cell Phones','unlocked_cellphones','unlocked cellphones.png',_binary '',4,NULL),(16,'Accessories','cellphone_accessories','cellphone accessories.png',_binary '',4,NULL),(17,'Cables & Adapters','cellphone_cables_adapters','cables and adapters.png',_binary '',16,NULL),(18,'MicroSD Cards','microsd_cards','microsd cards.png',_binary '',16,NULL),(19,'Stands','cellphone_stands','cellphone_stands.png',_binary '',16,NULL),(20,'Cases','cellphone_cases','cellphone cases.png',_binary '',16,NULL),(21,'Headphones','headphones','headphones.png',_binary '',16,NULL),(22,'CPU Processors Unit','computer_processors','computer processors.png',_binary '',8,NULL),(23,'Graphic Cards','computer_graphic_cards','graphic cards.png',_binary '',8,NULL),(24,'Internal Hard Drives','hard_drive','internal hard drive.png',_binary '',8,NULL),(25,'Internal Optical Drives','computer_optical_drives','internal optical drives.png',_binary '',8,NULL),(26,'Power Supplies','computer_power_supplies','power supplies.png',_binary '',8,NULL),(27,'Solid State Drives','solid_state_drives','solid state drives.png',_binary '',8,NULL),(28,'Sound Cards','computer_sound_cards','sound cards.png',_binary '',8,NULL),(29,'Memory','computer_memory','computer memory.png',_binary '',8,NULL),(30,'Motherboard','computer_motherboard','motherboards.png',_binary '',8,NULL),(31,'Network Cards','computer_network_cards','network cards.png',_binary '',8,NULL),(32,'Books','books','PASSPORTPHOTOS.jpg',_binary '',NULL,NULL);
/*!40000 ALTER TABLE `categories` ENABLE KEYS */;
UNLOCK TABLES;

--
-- Table structure for table `countries`
--

DROP TABLE IF EXISTS `countries`;
/*!40101 SET @saved_cs_client     = @@character_set_client */;
/*!50503 SET character_set_client = utf8mb4 */;
CREATE TABLE `countries` (
  `id` int NOT NULL AUTO_INCREMENT,
  `name` varchar(45) NOT NULL,
  `code` varchar(5) NOT NULL,
  PRIMARY KEY (`id`)
) ENGINE=InnoDB AUTO_INCREMENT=251 DEFAULT CHARSET=utf8mb4 COLLATE=utf8mb4_0900_ai_ci;
/*!40101 SET character_set_client = @saved_cs_client */;

--
-- Dumping data for table `countries`
--

LOCK TABLES `countries` WRITE;
/*!40000 ALTER TABLE `countries` DISABLE KEYS */;
INSERT INTO `countries` VALUES (1,'Andorra','AD'),(2,'United Arab Emirates','AE'),(3,'Afghanistan','AF'),(4,'Antigua and Barbuda','AG'),(5,'Anguilla','AI'),(6,'Albania','AL'),(7,'Armenia','AM'),(8,'Netherlands Antilles','AN'),(9,'Angola','AO'),(10,'Antarctica','AQ'),(11,'Argentina','AR'),(12,'American Samoa','AS'),(13,'Austria','AT'),(14,'Australia','AU'),(15,'Aruba','AW'),(16,'Åland Islands','AX'),(17,'Azerbaijan','AZ'),(18,'Bosnia and Herzegovina','BA'),(19,'Barbados','BB'),(20,'Bangladesh','BD'),(21,'Belgium','BE'),(22,'Burkina Faso','BF'),(23,'Bulgaria','BG'),(24,'Bahrain','BH'),(25,'Burundi','BI'),(26,'Benin','BJ'),(27,'Saint Barthélemy','BL'),(28,'Bermuda','BM'),(29,'Brunei','BN'),(30,'Bolivia','BO'),(31,'Bonaire, Sint Eustatius and Saba','BQ'),(32,'Brazil','BR'),(33,'Bahamas','BS'),(34,'Bhutan','BT'),(35,'Bouvet Island','BV'),(36,'Botswana','BW'),(37,'Belarus','BY'),(38,'Belize','BZ'),(39,'Canada','CA'),(40,'Cocos Islands','CC'),(41,'The Democratic Republic Of Congo','CD'),(42,'Central African Republic','CF'),(43,'Congo','CG'),(44,'Switzerland','CH'),(45,'Côte d\'Ivoire','CI'),(46,'Cook Islands','CK'),(47,'Chile','CL'),(48,'Cameroon','CM'),(49,'China','CN'),(50,'Colombia','CO'),(51,'Costa Rica','CR'),(52,'Cuba','CU'),(53,'Cape Verde','CV'),(54,'Curaçao','CW'),(55,'Christmas Island','CX'),(56,'Cyprus','CY'),(57,'Czech Republic','CZ'),(58,'Germany','DE'),(59,'Djibouti','DJ'),(60,'Denmark','DK'),(61,'Dominica','DM'),(62,'Dominican Republic','DO'),(63,'Algeria','DZ'),(64,'Ecuador','EC'),(65,'Estonia','EE'),(66,'Egypt','EG'),(67,'Western Sahara','EH'),(68,'Eritrea','ER'),(69,'Spain','ES'),(70,'Ethiopia','ET'),(71,'Finland','FI'),(72,'Fiji','FJ'),(73,'Falkland Islands','FK'),(74,'Micronesia','FM'),(75,'Faroe Islands','FO'),(76,'France','FR'),(77,'Gabon','GA'),(78,'United Kingdom','GB'),(79,'Grenada','GD'),(80,'Georgia','GE'),(81,'French Guiana','GF'),(82,'Guernsey','GG'),(83,'Ghana','GH'),(84,'Gibraltar','GI'),(85,'Greenland','GL'),(86,'Gambia','GM'),(87,'Guinea','GN'),(88,'Guadeloupe','GP'),(89,'Equatorial Guinea','GQ'),(90,'Greece','GR'),(91,'South Georgia And The South Sandwich Islands','GS'),(92,'Guatemala','GT'),(93,'Guam','GU'),(94,'Guinea-Bissau','GW'),(95,'Guyana','GY'),(96,'Hong Kong','HK'),(97,'Heard Island And McDonald Islands','HM'),(98,'Honduras','HN'),(99,'Croatia','HR'),(100,'Haiti','HT'),(101,'Hungary','HU'),(102,'Indonesia','ID'),(103,'Ireland','IE'),(104,'Israel','IL'),(105,'Isle Of Man','IM'),(106,'India','IN'),(107,'British Indian Ocean Territory','IO'),(108,'Iraq','IQ'),(109,'Iran','IR'),(110,'Iceland','IS'),(111,'Italy','IT'),(112,'Jersey','JE'),(113,'Jamaica','JM'),(114,'Jordan','JO'),(115,'Japan','JP'),(116,'Kenya','KE'),(117,'Kyrgyzstan','KG'),(118,'Cambodia','KH'),(119,'Kiribati','KI'),(120,'Comoros','KM'),(121,'Saint Kitts And Nevis','KN'),(122,'North Korea','KP'),(123,'South Korea','KR'),(124,'Kuwait','KW'),(125,'Cayman Islands','KY'),(126,'Kazakhstan','KZ'),(127,'Laos','LA'),(128,'Lebanon','LB'),(129,'Saint Lucia','LC'),(130,'Liechtenstein','LI'),(131,'Sri Lanka','LK'),(132,'Liberia','LR'),(133,'Lesotho','LS'),(134,'Lithuania','LT'),(135,'Luxembourg','LU'),(136,'Latvia','LV'),(137,'Libya','LY'),(138,'Morocco','MA'),(139,'Monaco','MC'),(140,'Moldova','MD'),(141,'Montenegro','ME'),(142,'Saint Martin','MF'),(143,'Madagascar','MG'),(144,'Marshall Islands','MH'),(145,'Macedonia','MK'),(146,'Mali','ML'),(147,'Myanmar','MM'),(148,'Mongolia','MN'),(149,'Macao','MO'),(150,'Northern Mariana Islands','MP'),(151,'Martinique','MQ'),(152,'Mauritania','MR'),(153,'Montserrat','MS'),(154,'Malta','MT'),(155,'Mauritius','MU'),(156,'Maldives','MV'),(157,'Malawi','MW'),(158,'Mexico','MX'),(159,'Malaysia','MY'),(160,'Mozambique','MZ'),(161,'Namibia','NA'),(162,'New Caledonia','NC'),(163,'Niger','NE'),(164,'Norfolk Island','NF'),(165,'Nigeria','NG'),(166,'Nicaragua','NI'),(167,'Netherlands','NL'),(168,'Norway','NO'),(169,'Nepal','NP'),(170,'Nauru','NR'),(171,'Niue','NU'),(172,'New Zealand','NZ'),(173,'Oman','OM'),(174,'Panama','PA'),(175,'Peru','PE'),(176,'French Polynesia','PF'),(177,'Papua New Guinea','PG'),(178,'Philippines','PH'),(179,'Pakistan','PK'),(180,'Poland','PL'),(181,'Saint Pierre And Miquelon','PM'),(182,'Pitcairn','PN'),(183,'Puerto Rico','PR'),(184,'Palestine','PS'),(185,'Portugal','PT'),(186,'Palau','PW'),(187,'Paraguay','PY'),(188,'Qatar','QA'),(189,'Reunion','RE'),(190,'Romania','RO'),(191,'Serbia','RS'),(192,'Russia','RU'),(193,'Rwanda','RW'),(194,'Saudi Arabia','SA'),(195,'Solomon Islands','SB'),(196,'Seychelles','SC'),(197,'Sudan','SD'),(198,'Sweden','SE'),(199,'Singapore','SG'),(200,'Saint Helena','SH'),(201,'Slovenia','SI'),(202,'Svalbard And Jan Mayen','SJ'),(203,'Slovakia','SK'),(204,'Sierra Leone','SL'),(205,'San Marino','SM'),(206,'Senegal','SN'),(207,'Somalia','SO'),(208,'Suriname','SR'),(209,'South Sudan','SS'),(210,'Sao Tome And Principe','ST'),(211,'El Salvador','SV'),(212,'Sint Maarten (Dutch part)','SX'),(213,'Syria','SY'),(214,'Swaziland','SZ'),(215,'Turks And Caicos Islands','TC'),(216,'Chad','TD'),(217,'French Southern Territories','TF'),(218,'Togo','TG'),(219,'Thailand','TH'),(220,'Tajikistan','TJ'),(221,'Tokelau','TK'),(222,'Timor-Leste','TL'),(223,'Turkmenistan','TM'),(224,'Tunisia','TN'),(225,'Tonga','TO'),(226,'Turkey','TR'),(227,'Trinidad and Tobago','TT'),(228,'Tuvalu','TV'),(229,'Taiwan','TW'),(230,'Tanzania','TZ'),(231,'Ukraine','UA'),(232,'Uganda','UG'),(233,'United States Minor Outlying Islands','UM'),(234,'United States','US'),(235,'Uruguay','UY'),(236,'Uzbekistan','UZ'),(237,'Vatican','VA'),(238,'Saint Vincent And The Grenadines','VC'),(239,'Venezuela','VE'),(240,'British Virgin Islands','VG'),(241,'U.S. Virgin Islands','VI'),(242,'Vietnam','VN'),(243,'Vanuatu','VU'),(244,'Wallis And Futuna','WF'),(245,'Samoa','WS'),(246,'Yemen','YE'),(247,'Mayotte','YT'),(248,'South Africa','ZA'),(249,'Zambia','ZM'),(250,'Zimbabwe','ZW');
/*!40000 ALTER TABLE `countries` ENABLE KEYS */;
UNLOCK TABLES;

--
-- Table structure for table `currencies`
--

DROP TABLE IF EXISTS `currencies`;
/*!40101 SET @saved_cs_client     = @@character_set_client */;
/*!50503 SET character_set_client = utf8mb4 */;
CREATE TABLE `currencies` (
  `id` int NOT NULL AUTO_INCREMENT,
  `code` varchar(4) NOT NULL,
  `name` varchar(64) NOT NULL,
  `symbol` varchar(3) NOT NULL,
  PRIMARY KEY (`id`)
) ENGINE=InnoDB DEFAULT CHARSET=utf8mb4 COLLATE=utf8mb4_0900_ai_ci;
/*!40101 SET character_set_client = @saved_cs_client */;

--
-- Dumping data for table `currencies`
--

LOCK TABLES `currencies` WRITE;
/*!40000 ALTER TABLE `currencies` DISABLE KEYS */;
/*!40000 ALTER TABLE `currencies` ENABLE KEYS */;
UNLOCK TABLES;

--
-- Table structure for table `customers`
--

DROP TABLE IF EXISTS `customers`;
/*!40101 SET @saved_cs_client     = @@character_set_client */;
/*!50503 SET character_set_client = utf8mb4 */;
CREATE TABLE `customers` (
  `id` int NOT NULL AUTO_INCREMENT,
  `email` varchar(45) NOT NULL,
  `password` varchar(64) NOT NULL,
  `first_name` varchar(45) NOT NULL,
  `last_name` varchar(45) NOT NULL,
  `phone_number` varchar(15) NOT NULL,
  `address_line_1` varchar(64) NOT NULL,
  `address_line_2` varchar(64) DEFAULT NULL,
  `city` varchar(45) NOT NULL,
  `state` varchar(45) NOT NULL,
  `country_id` int DEFAULT NULL,
  `postal_code` varchar(10) NOT NULL,
  `created_time` datetime(6) DEFAULT NULL,
  `enabled` bit(1) NOT NULL,
  `verification_code` varchar(64) DEFAULT NULL,
  `authentication_type` varchar(10) DEFAULT NULL,
  `reset_password_token` varchar(30) DEFAULT NULL,
  PRIMARY KEY (`id`),
  UNIQUE KEY `UK_rfbvkrffamfql7cjmen8v976v` (`email`),
  KEY `FK7b7p2myt0y31l4nyj1p7sk0b1` (`country_id`),
  CONSTRAINT `FK7b7p2myt0y31l4nyj1p7sk0b1` FOREIGN KEY (`country_id`) REFERENCES `countries` (`id`)
) ENGINE=InnoDB AUTO_INCREMENT=38 DEFAULT CHARSET=utf8mb4 COLLATE=utf8mb4_0900_ai_ci;
/*!40101 SET character_set_client = @saved_cs_client */;

--
-- Dumping data for table `customers`
--

LOCK TABLES `customers` WRITE;
/*!40000 ALTER TABLE `customers` DISABLE KEYS */;
INSERT INTO `customers` VALUES (1,'lehoanganhvn@gmail.com','$2a$10$ZQdbl6XeG/Z3frq.iJxnyucOhaoLhaa5BocnHnZKRPAntcZqQR9bu','Anh','Le Hoang','09123456789','30 Do Huy Uyen','Son Tra district','Da Nang','',242,'550000','2020-10-09 03:18:58.000000',_binary '',NULL,NULL,NULL),(2,'lorraine.allbright@outlook.com','$2a$10$II70xzaNTXp8WjJgGBq5k.xiDd8qiTp1yGPaCULGVeHtej/Hieb4O','Lorraine','Allbright','781-434-1947','2320  Romano Street','','Cambridge','Massachusetts',234,'2142','2020-10-09 03:21:29.000000',_binary '',NULL,NULL,NULL),(3,'nancy.bass2001@yahoo.com','$2a$10$iCc2M47GrRfzWV7/nrdZpuzkjLSxH5VEs1t02E55428eToiFo8pT6','Nancy','C Bass','519-791-4692','4703  Goyeau Ave','','Windsor','Ontario',39,'N9A 1H9','2020-10-09 03:24:42.000000',_binary '',NULL,NULL,NULL),(4,'brian.purcell3@gmail.com','$2a$10$mHz6KD.k5OTuTw9JWsa8OOZiF8gWxFRw6tjzIMxrx6GuaF2d.bvxG','Brian','Purcell','604-269-1384','4103  Tolmie St','','Vancouver','British Columbia',39,'V6M 1Y8','2020-06-09 03:27:48.000000',_binary '',NULL,NULL,NULL),(5,'tina.jamerson@gmail.com','$2a$10$zS.WEDVdrfraeTYXkh6kru0YT4dg14daWwxrPZKwImwt1S8I8Cbaa','Tina','D Jamerson','5139670375','934A  Small Street','Amish Country Byway','Berlin','Ohio',234,'44610','2020-10-09 03:29:39.000000',_binary '',NULL,NULL,NULL),(6,'christopherseldonusa@gmail.com','$2a$10$kBu.WfmGeYpcp.gNCVosx.2PY6dhUahdjPolgSOvYjY4DcUWRtnUm','Christopher ','Seldon','214-407-6337','3087 Marietta Street','','Vallejo','California',234,'94590','2020-10-10 11:11:19.000000',_binary '',NULL,NULL,NULL),(7,'alex.stevenson@outlook.com','$2a$10$og9uLgfaPjMbN0UQFPXQeeVhgfuArv3QQXLhM7ZfS4M.9j4Yp/Ksi','Alex','Stevenson','078 7586 952','56  Berkeley Rd','','Stretton-on-Dunsmore','',78,'CV23 3XN','2020-10-11 03:36:04.000000',_binary '',NULL,NULL,NULL),(8,'ethan.k.john@gmail.com','$2a$10$8Zc6kveZk1FR0HzVUQK/DuSQWFf2oGujkmDreapVXW0BtfDchP0yG','Ethan','Jones','070 2534 460','101  Gordon Terrace','','Barton','',78,'SY14 4FH','2020-10-11 03:38:09.000000',_binary '',NULL,NULL,NULL),(9,'pandu.shan03@gmail.com','$2a$10$Iybz9lJhA6FoeO7tviEWIuLaO4fC9lwjiiHwKCD0B5q4DLJ066mVW','Pandu','Shan','042375292','B 3/12, Part 1','','Delhi','Delhi',106,'110009','2020-10-11 03:40:04.000000',_binary '',NULL,NULL,NULL),(10,'ahjj.thaker2000@gmail.com','$2a$10$QKr/DFMbrX9ItxJCcTd.RuiD.H8BgsThxfZMEAmAas6yGOdJZkH9S','Ahjaja','Thaker','02228611610','Shop No 6, Gk Nagar No 3','Mahavir Darshan, Shankar Lane, Kandivali (west)','Mumbai','Maharashtra',106,'400067','2020-10-11 03:43:12.000000',_binary '',NULL,NULL,NULL),(11,'meena.gara@yahoo.com','$2a$10$SF6oz1JICybgPDOdrnTjFODxJBlCcUfj.HRF.TanU2pdjFcIT3X7S','Meena','Gara','04023775438','53 Balanagar','','Hyderabad','Andhra Pradesh',106,'500042','2020-10-11 03:44:55.000000',_binary '',NULL,NULL,NULL),(12,'jahnu.mishra@gmail.com','$2a$10$UIQGuwvF9WU3cge7cGHBge6aX6/dGRpwqD8GuCxBghTpDos9Hx9yW','Jahnu','Mishra','01125713815','112 Gagan Deep Building','Rajendra Place','Delhi','Delhi',106,'110008','2020-10-11 03:46:25.000000',_binary '',NULL,NULL,NULL),(13,'saka.prakash@yahoo.com','$2a$10$Q.Ctg6lFyvVEJ7ZnIuCIZ.UK5RlXuY2Iwwru4x.n9gtptDuhVLxRu','Saka','Prakash','02223011775','B/7/a Bharat Ngr, Grant Road','','Mumbai','Maharashtra',106,'400007','2020-10-12 10:09:30.000000',_binary '\0',NULL,NULL,NULL),(14,'gautam1988@gmail.com','$2a$10$nQjus79bd4dwNeEHTJ96U.Q7GIMffZQ7lqORWYv9VQQyh.9oqSgOK','Gautam','Nayak','02226200995','37 , Dhake Colony, J.p.rd, Andheri (west)','','Mumbai','Maharashtra',106,'400058','2020-10-12 10:10:50.000000',_binary '',NULL,NULL,NULL),(15,'cheema1994@gmail.com','$2a$10$NNQmIhQn6V1ZR9VpIbQL6OLpiLF.dJ.8qTDegkD3ZiDeMmwjSCyRW','Avatar','Cheema','03322684941','181 /, th Floor, M G Road, Burrabazar','','Kolkata','West Bengal',106,'700007','2020-10-12 10:12:04.000000',_binary '',NULL,NULL,NULL),(16,'jianzhou2000@gmail.com','$2a$10$QEOF7Xeue1enl9COCgB/deSu2DIewIlyEHGDm83hjpz3iNLkmD0sm','Jianhong','Zhou','65-6278 9444','456 Alexandra Road #16-02 NOL','Building Singapore 119962','Singapore','',199,'119962','2020-10-12 10:13:00.000000',_binary '',NULL,NULL,NULL),(17,'sugeng1208@outlook.com','$2a$10$CVLvsCqcbzWcsRN/ZfGcAOr5wZAUIITu9kqG7.U2lWo4MgtIdITDa','Su','Geng','062566046','Braddell Tech 13 Lorong 8 Toa Payoh #04-01 319261','','Singapore','',199,'319261','2020-10-12 10:14:03.000000',_binary '',NULL,NULL,NULL),(18,'alisa.willcox7@gmail.com','$2a$10$pBLzCgKPXfJsMiCHFB9BweUamtoJXnbPlh7eheH7zK02v/QW3UgPK','Alisa','Willcox','423-893-1283','1053  Broadway Avenue','','Chattanooga','Tennessee',234,'37421','2020-10-12 10:15:12.000000',_binary '',NULL,NULL,NULL),(19,'chelsea.greener@gmail.com','$2a$10$cyrxmp9dwNhUAEYqPiMHHO6n9vvLqgS/tbcYjaeyIMekfd35pvnOm','Chelsea','Greener','(07) 4918 39','79 Masthead Drive','','Great Keepel Island','Queensland',14,'4700','2020-10-12 10:16:23.000000',_binary '',NULL,NULL,NULL),(20,'spender.de.bavay@gmail.com','$2a$10$LQT8mw/ZGHz1W5pd4/iDyuNjwv7yJSKKJUXnXWf6xAB46M5wDUOVG','Spencer','De Bavay','(02) 6146 87','37 Grayson Street','','Matong','New South Wales',14,'2652','2020-10-12 10:17:27.000000',_binary '',NULL,NULL,NULL),(21,'konig.daniela@gmail.com','$2a$10$E6g8TKWzT6wPyGma.O3SweI4mqEMQyavjiy/qUk9ayyAQ7/FN/eq.','Daniela','Konig','08274368060','Alt Reinickendorf 61','','Schwenningen','Baden-Württemberg',58,'72477','2020-10-16 04:20:15.000000',_binary '\0',NULL,NULL,NULL),(22,'tannguyenminh@gmail.com','$2a$10$c9u299wIXYQ4GuNUtthJRO4/fxb/qaPXBIcgLqo.OzTqBM2e5Erm2','Tan','Nguyen Minh','0987667887','Ba Vi, Thanh Chuong','Soc Son','Ha Noi','Ha Noi',242,'142870','2020-11-12 14:35:37.000000',_binary '',NULL,NULL,NULL),(23,'trangquynh269@gmail.com','$2a$10$pFQajpIUy38PV61fucqxmugLtQerPid3N1LvP2MsSlMMuUG283.Cm','Trang','Le Thi Quynh','0922664450','30 Do Huy Uyen','An Hai Bac district','Da Nang','Da Nang',242,'552000','2021-01-14 02:35:51.000000',_binary '',NULL,NULL,NULL),(24,'nguyen.tuan.son@gmail.com','$2a$10$4YwxikvvFeDknQxWXoYHK.s0JicA2E1U4fjaomQ/tktD4Xx9R.Di6','Son','Nguyen Tuan','0984457819','123 Truc Bach','Tay Ho','Ha Noi','Hanoi',242,'127890','2021-01-10 02:40:58.000000',_binary '',NULL,NULL,NULL),(25,'minhthu20@gmail.com','$2a$10$80H.3RSBQS1iT6hCJI56suOJFE.pBUx.DyhnmDv/ZjOGiJAQxjR6K','Thu','Trinh Minh','0977882312','14H8 Phan Van Truong','Cau Giay','Ha Noi','Hanoi',242,'113000','2020-01-14 02:56:08.000000',_binary '',NULL,NULL,NULL),(26,'tran.thi.mai@gmail.com','$2a$10$YkVzbGU89318I2nL8z.NGeJN77.UJCavjY7PH7x3LfL1zIEOVzF7m','Mai','Tran Thi','0954876291','256A Vo Van Kiet','Phuoc My','Da Nang','Da Nang',242,'555000','2021-01-16 10:15:37.000000',_binary '',NULL,NULL,NULL),(27,'nguyen.hoang.bach@gmail.com','$2a$10$G3RLX9mmiMafu0MxTomJp.43lX2khhp0IOKN4oZSDK689dRt71zGq','Bach','Nguyen Hoang','0910405069','620 Bach Dang','Hai Chau','Da Nang','Da Nang',242,'554000','2021-01-16 10:22:05.000000',_binary '\0',NULL,NULL,NULL),(28,'ravi.kumar2009@gmail.com','$2a$10$yYkH67VJ6LVGScLHvxtyyOTCslPiY3ZM0SYArvur0JR8F6IlGy.Gu','Ravi','Kumar','026715849','M 55 2nd Floor, Part 2','','Delhi','Delhi',106,'110048','2020-05-16 10:28:38.000000',_binary '',NULL,NULL,NULL),(29,'xue.hao.chu@gmail.com','$2a$10$suovD4HuFHy632QdAQnNTOwyTwHLs4NI8mT0gARBNxavM0IXl.HdW','Xue','Hao Chu','081005992','Choa Chu Kang Crescent, 683690','','Singapore','',199,'683690','2021-01-17 10:25:06.000000',_binary '',NULL,NULL,NULL),(30,'mo.liang.237@gmail.com','$2a$10$JKIV3Hi4phMMKU/p2tqH8OXZaKNboZAwX6/nHdFoxWbeohie7NDuu','Mo','Liang','063237730','30 Robinson Road','#03-01B ROBINSON TOWERS','Singapore','',199,'048546','2020-04-12 10:35:37.000000',_binary '',NULL,NULL,NULL),(31,'chan.ding.97@gmail.com','$2a$10$KlcH7aIiy/Hvt3NhCYbDH.toghsP2CbeBY7ZO9YT03o9dLkdNluBS','Chan','Ding','6567321372','260 Orchard Road, The Heeren','04-30/31 238855','Singapore','',199,'238855','2021-01-18 10:47:17.000000',_binary '',NULL,NULL,NULL),(32,'zak.carey.91@gmail.com','$2a$10$E1IxQO8LTXWF0diVBB7bfOcwc8wwtWHu4dhRx3zkGemtcsb1Mf32G','Zak','Carey','0795602121','70 Guild Street','','London','',78,'N8 1HG','2021-01-20 11:03:49.000000',_binary '\0',NULL,NULL,NULL),(33,'katherin.mc.knight@live.com','$2a$10$9ZbxZO2gJul3ups2FXU9se3vd3d5zn0VRXQnp0l1bS04dq3UHy5g2','Katherine','McKnight','8153287288','922  Emeral Dreams Drive','','Chicago','Illinois',234,'60601','2020-12-26 11:20:07.000000',_binary '',NULL,NULL,NULL),(34,'pasty.aston.89@live.com','$2a$10$eISh5FVdov6DSOWeXpNeVeieJOwGe8gBC1zrLfKUKVqWrBFeIaMKy','Pasty','Aston','2129229661','1482  Rosewood Lane','','New York','New York',234,'10016','2020-05-26 11:34:41.000000',_binary '',NULL,NULL,NULL),(35,'rekha.makavana@gmail.com','$2a$10$52Ah7rPRiReZ8FsQBRATfOlJl.XQfwGGaqa3vP6Z9uBKc7ADz7yCO','Rekha','Makavana','02226493101','Shop No 2, Shobhana Bldg.','Tilak Road, Opp. Dph, Santacruz (west)','Mumbai','Maharashtra',106,'400054','2020-09-01 09:26:20.000000',_binary '',NULL,NULL,NULL),(36,'flynn.hackett.au@gmail.com','$2a$10$8oaaz3VHFE/PqpRMPnvABuWLZSl9lCT3plI8aMMejqJeVtv3bNUH.','Flynn','Hackett','073758521','19 Shirley Street','','Yatala','Queensland',14,'4207','2021-02-01 08:42:40.000000',_binary '',NULL,NULL,NULL),(37,'khajamoideen26@gmail.com','$2a$10$vILo6u8oam9EJoGvMaiaLuFhMNYBR/mHNRS7hXKxIkz0AW3tvuVL2','khaja','moideen','09600363870','2 PENSIONER STREET','TENNUR','TRICHY','Tamil Nadu',106,'620017','2023-05-17 12:44:57.026000',_binary '','XQ6VPbPbUCV77gZAa8VxCpVR6dYxmjlEcTYzrWndoQYxDjBIFvXgyqoas0FHp7rQ','DATABASE',NULL);
/*!40000 ALTER TABLE `customers` ENABLE KEYS */;
UNLOCK TABLES;

--
-- Table structure for table `order_details`
--

DROP TABLE IF EXISTS `order_details`;
/*!40101 SET @saved_cs_client     = @@character_set_client */;
/*!50503 SET character_set_client = utf8mb4 */;
CREATE TABLE `order_details` (
  `id` int NOT NULL AUTO_INCREMENT,
  `product_cost` float NOT NULL,
  `quantity` int NOT NULL,
  `shipping_cost` float NOT NULL,
  `subtotal` float NOT NULL,
  `unit_price` float NOT NULL,
  `order_id` int DEFAULT NULL,
  `product_id` int DEFAULT NULL,
  PRIMARY KEY (`id`),
  KEY `FKjyu2qbqt8gnvno9oe9j2s2ldk` (`order_id`),
  KEY `FK4q98utpd73imf4yhttm3w0eax` (`product_id`),
  CONSTRAINT `FK4q98utpd73imf4yhttm3w0eax` FOREIGN KEY (`product_id`) REFERENCES `products` (`id`),
  CONSTRAINT `FKjyu2qbqt8gnvno9oe9j2s2ldk` FOREIGN KEY (`order_id`) REFERENCES `orders` (`id`)
) ENGINE=InnoDB DEFAULT CHARSET=utf8mb4 COLLATE=utf8mb4_0900_ai_ci;
/*!40101 SET character_set_client = @saved_cs_client */;

--
-- Dumping data for table `order_details`
--

LOCK TABLES `order_details` WRITE;
/*!40000 ALTER TABLE `order_details` DISABLE KEYS */;
/*!40000 ALTER TABLE `order_details` ENABLE KEYS */;
UNLOCK TABLES;

--
-- Table structure for table `order_track`
--

DROP TABLE IF EXISTS `order_track`;
/*!40101 SET @saved_cs_client     = @@character_set_client */;
/*!50503 SET character_set_client = utf8mb4 */;
CREATE TABLE `order_track` (
  `id` int NOT NULL AUTO_INCREMENT,
  `notes` varchar(256) DEFAULT NULL,
  `status` varchar(45) NOT NULL,
  `updated_time` datetime(6) DEFAULT NULL,
  `order_id` int DEFAULT NULL,
  PRIMARY KEY (`id`),
  KEY `FK31jv1s212kajfn3kk1ksmnyfl` (`order_id`),
  CONSTRAINT `FK31jv1s212kajfn3kk1ksmnyfl` FOREIGN KEY (`order_id`) REFERENCES `orders` (`id`)
) ENGINE=InnoDB DEFAULT CHARSET=utf8mb4 COLLATE=utf8mb4_0900_ai_ci;
/*!40101 SET character_set_client = @saved_cs_client */;

--
-- Dumping data for table `order_track`
--

LOCK TABLES `order_track` WRITE;
/*!40000 ALTER TABLE `order_track` DISABLE KEYS */;
/*!40000 ALTER TABLE `order_track` ENABLE KEYS */;
UNLOCK TABLES;

--
-- Table structure for table `orders`
--

DROP TABLE IF EXISTS `orders`;
/*!40101 SET @saved_cs_client     = @@character_set_client */;
/*!50503 SET character_set_client = utf8mb4 */;
CREATE TABLE `orders` (
  `id` int NOT NULL AUTO_INCREMENT,
  `address_line_1` varchar(64) NOT NULL,
  `address_line_2` varchar(64) DEFAULT NULL,
  `city` varchar(45) NOT NULL,
  `first_name` varchar(45) NOT NULL,
  `last_name` varchar(45) NOT NULL,
  `phone_number` varchar(15) NOT NULL,
  `postal_code` varchar(10) NOT NULL,
  `state` varchar(45) NOT NULL,
  `country` varchar(45) NOT NULL,
  `deliver_date` datetime(6) DEFAULT NULL,
  `deliver_days` int NOT NULL,
  `order_time` datetime(6) DEFAULT NULL,
  `payment_method` varchar(255) DEFAULT NULL,
  `product_cost` float NOT NULL,
  `shipping_cost` float NOT NULL,
  `status` varchar(255) DEFAULT NULL,
  `subtotal` float NOT NULL,
  `tax` float NOT NULL,
  `total` float NOT NULL,
  `customer_id` int DEFAULT NULL,
  PRIMARY KEY (`id`),
  KEY `FKpxtb8awmi0dk6smoh2vp1litg` (`customer_id`),
  CONSTRAINT `FKpxtb8awmi0dk6smoh2vp1litg` FOREIGN KEY (`customer_id`) REFERENCES `customers` (`id`)
) ENGINE=InnoDB DEFAULT CHARSET=utf8mb4 COLLATE=utf8mb4_0900_ai_ci;
/*!40101 SET character_set_client = @saved_cs_client */;

--
-- Dumping data for table `orders`
--

LOCK TABLES `orders` WRITE;
/*!40000 ALTER TABLE `orders` DISABLE KEYS */;
/*!40000 ALTER TABLE `orders` ENABLE KEYS */;
UNLOCK TABLES;

--
-- Table structure for table `product_details`
--

DROP TABLE IF EXISTS `product_details`;
/*!40101 SET @saved_cs_client     = @@character_set_client */;
/*!50503 SET character_set_client = utf8mb4 */;
CREATE TABLE `product_details` (
  `id` int NOT NULL AUTO_INCREMENT,
  `name` varchar(255) NOT NULL,
  `value` varchar(255) NOT NULL,
  `product_id` int DEFAULT NULL,
  PRIMARY KEY (`id`),
  KEY `FKnfvvq3meg4ha3u1bju9k4is3r` (`product_id`),
  CONSTRAINT `FKnfvvq3meg4ha3u1bju9k4is3r` FOREIGN KEY (`product_id`) REFERENCES `products` (`id`)
) ENGINE=InnoDB AUTO_INCREMENT=698 DEFAULT CHARSET=utf8mb4 COLLATE=utf8mb4_0900_ai_ci;
/*!40101 SET character_set_client = @saved_cs_client */;

--
-- Dumping data for table `product_details`
--

LOCK TABLES `product_details` WRITE;
/*!40000 ALTER TABLE `product_details` DISABLE KEYS */;
INSERT INTO `product_details` VALUES (15,'Color','Black',2),(16,'Lens','Zoom',2),(17,'Model Name','Sony ZV-1 Camera for Content Creators and Vloggers',2),(19,'Effective Still Resolution','20.1 MP',2),(20,'Product Dimensions','4.15 x 2.36 x 1.7 inches',2),(24,'Product Dimensions','2.3 x 4.6 x 3.5 inches',1),(25,'Item Weight','13.7 ounces',1),(26,'Item model number','2680C011',1),(27,'Batteries','1 Lithium ion batteries required. (included)',1),(28,'Screen Size','3 inches',1),(29,'Has Image Stabilization','Yes',1),(30,'Optical Sensor Resolution','24 megapixels',1),(31,'Item Weight','10.4 ounces',2),(32,'Item model number','DCZV1/B',2),(33,'Batteries','1 Lithium ion batteries required. (included)',2),(34,'Color','Black',3),(35,'Lens','Converter',3),(36,'Model Name','Panasonic Lumix FZ80',3),(37,'Product Dimensions','4.69 x 5.13 x 3.71 inches',3),(38,'Item Dimensions','10.62 x 4.87 x 9.68 inches',4),(39,'Pressure Valve','Yes',4),(40,'Watertight and Crushproof','Yes',4),(41,'You break it, we replace it','Yes',4),(42,'Weight with Foam','2.87 lbs',4),(43,'Interior Dimensions','9.25 x 7.12 x 4.12 inches',4),(44,'Product Dimensions','7.5 x 2.12 x 5.06 inches',5),(45,'Item Weight','10.4 ounces',5),(46,'Color','Black/Clear',5),(47,'OS','Android',7),(48,'RAM','16 GB',7),(49,'Wireless communication technologies','Cellular',7),(50,'Additional Features','Touchscreen, Dual-camera, Lte, Smartphone',7),(51,'Display resolution','720 x 1280 pixels',7),(52,'Device interface - primary','Touchscreen',7),(53,'Other camera features','8 MP',7),(54,'Colour','White',7),(55,'Phone Talk Time','900 minutes',7),(56,'Phone Standy Time (with data)','300 Hours',7),(57,'Ideal for','Gaming/Professional Computing',8),(58,'Interface','SATA III',8),(59,'Form Factor','2.5\" | M.2 (2280)',8),(60,'Capacity','250GB, 500GB, 1TB, 2TB, 4TB',8),(61,'Max Sequential Read Speed','Up to 550 MB/s',8),(62,'Max Sequential Write Speed','Up to 520 MB/s',8),(63,'Model Name','Canon PowerShot ELPH 180',9),(64,'Color','Silver',9),(65,'Shooting Modes','Automatic',9),(66,'Screen Size','2.7 inches',9),(67,'Has Image Stabilization','Yes',9),(68,'Includes External Memory','No',9),(69,'Item Dimensions','3.75 x 0.87 x 2.14 inches',9),(70,'Item Weight','4.40 ounces',9),(71,'Optical Sensor Resolution','12 megapixels',9),(72,'Optical Zoom','4.6x',9),(73,'Video Capture Resolution','HD 720p',9),(74,'Viewfinder Type','fixed LCD',9),(75,'Color','Red',10),(76,'Lens','Macro',10),(77,'Model Name','Tough TG-6',10),(78,'Type of product','Ultra-Compact',10),(79,'Screen Size','3 inches',10),(80,'Has Image Stabilization','Yes',10),(81,'Includes External Memory','No',10),(82,'Item Dimensions','2.60 x 4.40 x 1.30 inches',10),(83,'Item Weight','0.56 lbs',10),(84,'Optical Sensor Resolution','12 megapixels',10),(85,'Optical Zoom','4x',10),(86,'Video Capture Resolution','4K UHD 2160p, 2K DCI 1080p',10),(87,'Viewfinder Type','LCD',10),(88,'Screen Size','3 inches',11),(89,'Has Image Stabilization','Yes',11),(90,'Item Dimensions','5.00 x 3.88 x 3.00 inches',11),(91,'Item Weight','1.44 lbs',11),(92,'Optical Sensor Resolution','24.2 megapixels',11),(93,'Optical Zoom','2x',11),(94,'Photo Sensor Size','Full Frame (35mm)',11),(95,'Video Capture Resolution','4K UHD 2160p',11),(96,'Viewfinder Type','Electronic',11),(97,'Item Dimensions','11.00 x 14.20 x 5.50 inches',12),(98,'Item Weight','1.76 pounds',12),(102,'Color Black','Orange interior',14),(103,'Item Dimensions','12.52 x 9.06 x 7.28 inches',14),(104,'Item Weight','1.56 pounds',14),(105,'Product Dimensions','4.1 x 2.8 x 5 inches',15),(106,'Item Weight','12.7 ounces',15),(107,'Batteries','4 AA batteries required',15),(108,'Product Dimensions','5.1 x 4.1 x 5.1 inches',16),(109,'Item Weight','13.6 ounces',16),(110,'Product Dimensions','3.13 x 4.13 x 5.5 inches',17),(111,'Item Weight','15 ounces',17),(112,'Product Dimensions','4 x 8.7 x 3.15 inches',18),(113,'Item Weight','1 pounds',18),(114,'Item model number','10003635',18),(115,'Batteries:','4 AA batteries required',18),(116,'Color','Black',19),(117,'Compatible Camera Mount','Canon EF',19),(118,'Focus Type','Stepper motor',19),(119,'Item Dimensions','1.54 x 2.72 x 2.72 inches',19),(120,'Item Weight','5.60 ounces',19),(121,'Lens Type','Standard',19),(122,'Maximum Aperture','f/1.8',19),(123,'Maximum Focal Length','50 millimeters',19),(124,'Minimum Aperture','22',19),(125,'Minimum Focal Length','50 millimeters',19),(126,'Photo Filter Thread Size','49 millimeters',19),(127,'Color','Black',20),(128,'Compatible Camera Mount','Nikon FX',20),(129,'Focus Type','Ultrasonic',20),(130,'Item Dimensions','2.09 x 2.83 x 2.83 inches',20),(131,'Item Weight','6.61 ounces',20),(132,'Lens Type','Standard',20),(133,'Maximum Aperture','f/1.8',20),(134,'Maximum Focal Length','50 millimeters',20),(135,'Minimum Aperture','16',20),(136,'Minimum Focal Length','50 millimeters',20),(137,'Photo Filter Thread Size','58 millimeters',20),(138,'Product Dimensions','4.8 x 2.79 x 2.79 inches',21),(139,'Item Weight','1.06 pounds',21),(140,'Focal Length & Maximum Aperture','75-300mm 1:4-5.6',21),(141,'Lens Construction','13 elements in 9 groups',21),(142,'Diagonal Angle of View','32° 11\' - 8° 15\'',21),(143,'Focus Adjustment','Front group rotating extension system with Micromotor',21),(144,'Closest Focusing Distance','1.5m/ 4.9 ft.',21),(145,'Color','Black',22),(146,'Compatible Camera Mount','Canon EF',22),(147,'Focus Type','Autofocus',22),(148,'Item Dimensions','10.20 x 4.10 x 4.10 inches',22),(149,'Item Weight','4.25 lbs',22),(150,'Lens Type','Telephoto',22),(151,'Maximum Aperture','5 millimeters',22),(152,'Maximum Focal Length','600 millimeters',22),(153,'Minimum Aperture','6.3',22),(154,'Minimum Focal Length','150 millimeters',22),(155,'Photo Filter Thread Size','95 millimeters',22),(156,'Item Weight','2.9 pounds',23),(157,'Product Dimensions','23 x 4.5 x 4.25 inches',23),(158,'Size','Compact',23),(159,'Color','Black',23),(160,'Style','Laser w/ tripod',23),(161,'Power Source','Corded-electric',23),(162,'Batteries Included?','No',23),(163,'Batteries Required','No',23),(164,'Designed For','Point & Shoot Camera',24),(165,'Product Dimensions','1.38 x 1.38 x 6.89 in',24),(166,'Weight','0.11lbs ',24),(167,'Capacity','325 g',24),(168,'Connection Point','1/4\"-20 standard tripod mount',24),(169,'Materials','ABS Plastic, Stainless Steel, TPE',24),(170,'Product Dimensions','1.1 x 1.26 x 4.61 inches',25),(171,'Item Weight','2.24 ounces',25),(172,'Product Dimensions','2.5 x 2.5 x 16.3 inches',26),(173,'Item Weight','1.1 pounds',26),(174,'Color','Black Onyx',27),(175,'Screen Size','5.5 inches',27),(176,'Product Dimensions','5.6 x 0.31 x 2.74 inches',27),(177,'Item Weight','1.58 ounces',27),(178,'OS','Android',28),(179,'RAM','32 GB',28),(180,'Additional Features','Touchscreen, Octa-core-processor, Dual-camera, Smartphone',28),(181,'Display resolution','2560 x 1440 pixels',28),(182,'Device interface - primary','Touchscreen with Stylus Support',28),(183,'Other camera features','16 MP',28),(184,'Form Factor','Candy_bar',28),(185,'Colour','Black',28),(186,'Battery Power Rating','2600 Milliamp Hours',28),(187,'Phone Talk Time','1200 minutes',28),(188,'Phone Standy Time (with data)','480 Hours',28),(189,'Included Components','Pre-Installed SIM Card, Galaxy S6 Edge, Wall Charger, USB Cable, Quick Start Guide',28),(190,'Color','Just Black',29),(191,'Screen Size','5.9 inches',29),(192,'Item Weight','1.16 pounds',29),(193,'OS','Android',30),(194,'RAM','32 GB',30),(195,'Display resolution','1280 x 720 pixels',30),(196,'Device interface - primary','Touchscreen with Stylus Support',30),(197,'Other camera features','13 MP',30),(198,'Form Factor','Candy_bar',30),(199,'Colour','Silver',30),(200,'Phone Talk Time','1074 minutes',30),(201,'Phone Standy Time (with data)','696 Hours',30),(202,'Battery Capacity','2,100 mAh',31),(203,'Memory','Internal - 4 GB (formatted capacity is less)',31),(204,'Camera','5 Megapixel Autofocus Camera and WVGA Camcorder with LED Flash',31),(205,'Screen Size','4.5 inches',31),(206,'Item Dimensions','6.00 x 8.00 x 2.00 inches',31),(207,'Item Weight','0.90 lbs',31),(208,'OS','Android 7.0',32),(209,'Wireless communication technologies','Cellular',32),(210,'Other display features','Wireless',32),(211,'Colour','Platinum',32),(212,'Package Dimensions','6.4 x 3.4 x 1.1 inches',32),(213,'Item Weight','10.4 ounces',32),(214,'Color','Black',33),(215,'Screen Size','5.7 inches',33),(216,'Item Dimensions','7.25 x 10.00 x 1.65 inches',33),(217,'Item Weight','0.80 lbs',33),(218,'OS','Android',34),(219,'RAM','600 MB',34),(220,'Additional Features','Touchscreen, Camera, Smartphone, Expandable-memory',34),(221,'Display resolution','600x800 pixels',34),(222,'Other display features','Wireless',34),(223,'Device interface - primary','Touchscreen',34),(224,'Other camera features','5 MP',34),(225,'Form Factor','Candy_bar',34),(226,'Colour','Black',34),(227,'Battery Power Rating','750 mAh',34),(228,'Phone Talk Time','360 minutes',34),(229,'Phone Standy Time (with data)','432 Hours',34),(230,'Included Components','Video recorder, Camera',34),(231,'Operating System','Android 9.0',35),(232,'Computer Memory Size','8 GB',35),(233,'Wireless Communication Technology','Wi-Fi::Bluetooth::Wi-Fi Direct::NFC',35),(234,'Connectivity Technology','Wireless',35),(235,'GPS','GPS,Glonass,Galileo',35),(236,'Display Technology','AMOLED',35),(237,'Headphones Jack','3.5mm Stereo',35),(238,'Item Weight','0.05 Kilograms',35),(239,'Color','Black',35),(240,'Operating System','Android',36),(241,'Computer Memory Size','3 GB',36),(242,'Special Features','Dual SIM, 4G LTE',36),(243,'Other display features','CE',36),(244,'Voice Command','Touchscreen',36),(245,'Form Factor','Smartphone',36),(246,'Item Weight','12 Ounces',36),(247,'Color','Black',36),(248,'Operating System','Android',37),(249,'Computer Memory Size','128 GB',37),(250,'Wireless Communication Technology','4G',37),(251,'Connectivity Technology','Wireless, Bluetooth',37),(252,'Color','Cosmic Black',37),(253,'Operating System','iOS',38),(254,'Computer Memory Size','1 GB',38),(255,'Item Weight','0.39 Ounces',38),(256,'Color','Space Gray',38),(257,'Operating System','iOS',39),(258,'Computer Memory Size','1 GB',39),(259,'Color','Jet Black',39),(260,'Included Components','Phone, charger',39),(261,'Operating System','iOS',40),(262,'Computer Memory Size','64 GB',40),(263,'Item Weight','0.3 Ounces',40),(264,'Color','Space Gray',40),(265,'Memory Size','64GB',41),(266,'Product Dimensions','0.33 x 2.7 x 5.77 inches',41),(267,'Item Weight','5.7 ounces',41),(268,'Batteries','1 Lithium Polymer batteries required. (included)',41),(269,'Rear Camera','64MP sensor',42),(270,'Front Camera','25MP Quad Pixel',42),(271,'Display','6.7\" OLED, FHD+ (2340×1080),19.5:9',42),(272,'Processor','Qualcomm Snapdragon 765 with 2.4GHz octa-core',42),(273,'Memory','6GB + 256GB',42),(274,'Battery','4500 mAh',42),(275,'Audio','Dual stereo speakers tuned by Waves',42),(276,'Operating System','Android',43),(277,'Computer Memory Size','4 GB',43),(278,'Item Weight','0.35 Pounds',43),(279,'Color','Peacock Blue',43),(280,'Product Dimensions','2.6 x 1.65 x 0.59 inches',43),(281,'Product Dimensions','2.99 x 0.31 x 6.5 inches',44),(282,'Item Weight','7.1 ounces',44),(283,'Cable Length','10 feet feet',45),(284,'Cable Type','Lightning',45),(285,'Color','Silver & White',45),(286,'Compatible Devices','Tablet, Smartphone',45),(287,'Connector Type','USB Type C',45),(288,'Color','White',46),(289,'Mfi Certified','yes',46),(290,'Cable Length','3ft+6ft ',46),(291,'Cable Connector Type','USB A to lightning',46),(292,'Package Dimensions','7.5 x 6.9 x 0.8 inches',47),(293,'Item Weight','5.6 ounces',47),(294,'Colour','Navy & blue',47),(295,'Product Dimensions','7.09 x 3.54 x 0.47 inches',48),(296,'Item Weight','10.5 ounces',48),(297,'Digital Storage Capacity','256 GB',49),(298,'Flash Memory Type','SDXC',49),(299,'Item Dimensions','0.59 x 0.04 x 0.43 inches',49),(300,'Secure Digital Association Speed Class','Class 10',49),(301,'Flash Memory Type','Micro SD',50),(302,'Item Dimensions','0.04 x 0.59 x 0.43 inches',50),(303,'Item Weight','0.16 ounces',50),(304,'Memory Storage Capacity','128 GB',50),(305,'Digital Storage Capacity','32 GB',51),(306,'Flash Memory Type','microsdhc',51),(307,'Item Dimensions','0.04 x 0.59 x 0.43 inches',51),(308,'Item Weight','0.32 ounces',51),(309,'Flash Memory Type','Micro SDXC',52),(310,'Item Dimensions','5.43 x 3.50 x 0.18 inches',52),(311,'Item Weight','0.48 ounces',52),(312,'Memory Storage Capacity','128 GB',52),(313,'Digital Storage Capacity','512 GB',53),(314,'Flash Memory Type','SDXC',53),(315,'Item Dimensions','0.79 x 1.54 x 0.32 inches',53),(316,'Item Weight','0.16 ounces',53),(317,'Material','Technopolymer and Aluminum',54),(318,'Closed Length','18 cm',54),(319,'Max Height','13 cm',54),(320,'Min Height','13 cm',54),(321,'Safety Payload','1 kg',54),(322,'Weight','190 g',54),(323,'Lateral Tilt','-35°/+35°',54),(324,'Panoramic Rotation','360°',54),(325,'Front Tilt','-35°/+35°',54),(326,'Product Dimensions','3.54 x 3.15 x 4.02 inches',55),(327,'Item Weight','4.8 ounces',55),(418,'Standing screen display size','14 Inches',68),(419,'Max Screen Resolution','1366 x 768 Pixels',68),(420,'Memory Speed','2.6 GHz',68),(421,'Chipset Brand','Intel',68),(422,'Card Description','Integrated',68),(423,'Average Battery Life','13.5 Hours',68),(424,'Operating System','Chrome OS',68),(425,'Item Weight','3.24 pounds',68),(426,'Product Dimensions','12.82 x 8.6 x 0.7 inches',68),(485,'Display Size','8.0\"',74),(486,'Display Resolution','1280 x 800',74),(487,'Audio','Dual',74),(488,'Weight','0.76 lbs.',74),(489,'Processor','Quad 2.0 GHz',74),(490,'Internal Memory','32GB',74),(491,'External Memory','microSD up to 512GB',74),(492,'Color','Oxford Gray',75),(493,'Screen Size','10.4 inches',75),(494,'Flash Memory Installed Size','4.00 GB',75),(495,'Hardware Platform','Android',75),(496,'Item Dimensions','0.28 x 6.07 x 9.63 inches',75),(497,'Native Resolution','1920 x 1200 pixels',75),(498,'Operating System','Android',75),(499,'Wireless Communication Technology','Wi-Fi, Bluetooth, GPS',75),(522,'Standing screen display size','9.7 Inches',79),(523,'Max Screen Resolution','2048 x 1536',79),(524,'Graphics Coprocessor','Apple A10 Fusion SoC & M10 Coprocessor',79),(525,'Wireless Type','802.11ac',79),(526,'Average Battery Life (in hours)','2 days',79),(576,'Cache Memory Installed Size','64',86),(577,'Digital Storage Capacity','1TB',86),(578,'Hard Disk Rotational Speed','7200 rpm',86),(579,'Hard Disk Size','1TB',86),(580,'Hard Disk Form Factor','3.50 inches',86),(581,'Hardware Interface','SATA 6.0 Gb/s',86),(582,'Item Dimensions','5.80 x 4.00 x 1.00 inches',86),(583,'Item Weight','0.97 lbs',86),(584,'Cache Memory Installed Size','256',87),(585,'Digital Storage Capacity','4 TB',87),(586,'Hard Disk Rotational Speed','7200 rpm',87),(587,'Hard Disk Size','4000',87),(588,'Hard Disk Form Factor','3.50 inches',87),(589,'Hardware Interface','SATA 6.0 Gb/s',87),(590,'Item Dimensions','5.79 x 4.00 x 1.03 inches',87),(591,'Item Weight','1.66 lbs',87),(602,'Item model number','WH16NS40',90),(603,'Operating System','Windows 7/ Vista/ XP',90),(604,'Item Weight','1 pounds',90),(605,'Product Dimensions','6.5 x 5.7 x 1.6 inches',90),(606,'Item model number','WH14NS40',91),(607,'Hardware Platform','PC',91),(608,'Operating System','Windows XP, Windows Vista, Windows 7',91),(609,'Item Weight','1.65 pounds',91),(610,'Product Dimensions','5.7 x 1.6 x 6.5 inches',91),(611,'Color','Black',91),(612,'Hard Drive Interface','ATA-4',91),(627,'Ideal For','PC enthusiasts, creative pros',95),(628,'Form Factor','SATA 2.5”/7mm & M.2 2280',95),(629,'Interface','SATA III 6 Gb/s',95),(630,'Sequential Read Speed','up to 560 MB/s',95),(631,'Sequential Write Speed','up to 530 MB/s',95),(632,'TBW','up to 600TBW (4TB)',95),(633,'Highest Capacity Available','4TB',95);
/*!40000 ALTER TABLE `product_details` ENABLE KEYS */;
UNLOCK TABLES;

--
-- Table structure for table `product_images`
--

DROP TABLE IF EXISTS `product_images`;
/*!40101 SET @saved_cs_client     = @@character_set_client */;
/*!50503 SET character_set_client = utf8mb4 */;
CREATE TABLE `product_images` (
  `id` int NOT NULL AUTO_INCREMENT,
  `name` varchar(255) NOT NULL,
  `product_id` int DEFAULT NULL,
  PRIMARY KEY (`id`),
  KEY `FKqnq71xsohugpqwf3c9gxmsuy` (`product_id`),
  CONSTRAINT `FKqnq71xsohugpqwf3c9gxmsuy` FOREIGN KEY (`product_id`) REFERENCES `products` (`id`)
) ENGINE=InnoDB AUTO_INCREMENT=395 DEFAULT CHARSET=utf8mb4 COLLATE=utf8mb4_0900_ai_ci;
/*!40101 SET character_set_client = @saved_cs_client */;

--
-- Dumping data for table `product_images`
--

LOCK TABLES `product_images` WRITE;
/*!40000 ALTER TABLE `product_images` DISABLE KEYS */;
INSERT INTO `product_images` VALUES (41,'EOS M50 flash opened.png',1),(42,'EOS M50 incline.png',1),(43,'EOS M50 straight.png',1),(44,'EOS M50 LCD.png',1),(45,'EOS M50 top down.png',1),(46,'Sony ZV-1 front 2.png',2),(47,'Sony ZV-1 side.png',2),(48,'Sony ZV-1 bottom.png',2),(49,'Sony ZV-1 front.png',2),(50,'Lumix FZ80 lens.png',3),(51,'Lumix FZ80 buttons.png',3),(52,'Lumix FZ80 rear.png',3),(53,'Lumix FZ80 dimensions.png',3),(54,'Pelican 1200 Case features.png',4),(55,'Pelican 1200 Case usages.png',4),(56,'Pelican 1200 Case open.png',4),(57,'Pelican 1040 Micro Case 2.png',5),(58,'Verizon Apple iPhone 6S front.png',6),(59,'Verizon Apple iPhone 6S back.png',6),(60,'Verizon Apple iPhone 6S all.png',6),(61,'Samsung Galaxy Note 2 with stylus.png',7),(62,'Samsung Galaxy Note 2 incline.png',7),(63,'Samsung 500GB SSD 3.png',8),(64,'Samsung 500GB SSD main 2.png',8),(65,'Samsung 500GB SSD waranty.png',8),(66,'Samsung 500GB SSD bottom.png',8),(67,'Samsung 500GB SSD speed.png',8),(68,'Powershot ELPH 180 front.png',9),(69,'Powershot ELPH 180 back.png',9),(70,'Powershot ELPH 180 lense closed.png',9),(71,'Powershot ELPH 180 landscape.png',9),(72,'Powershot ELPH 180 top.png',9),(73,'Powershot ELPH 180 bottom.png',9),(74,'Olympus Tough water around.png',10),(75,'Olympus Tough potrait.png',10),(76,'Olympus Tough water slow motion.png',10),(77,'CADeN Camera Backpack usages.png',12),(78,'CADeN Camera Backpack sizes.png',12),(79,'CADeN Camera Backpack Waterproof.png',12),(80,'CADeN Camera Backpack details.png',12),(82,'AmazonBasics Large DSLR Camera Bag opened.png',14),(83,'AmazonBasics Large DSLR Camera Bag close view.png',14),(84,'AmazonBasics Large DSLR Camera Bag tripod.png',14),(85,'AmazonBasics Large DSLR Camera Bag cover.png',14),(86,'AmazonBasics Large DSLR Camera Bag top view.png',14),(87,'Nikon Flash details.png',15),(88,'Canon Speedlite 2.png',16),(89,'Canon Speedlite 4.png',16),(90,'Canon Speedlite 3.png',16),(91,'Sony Flash 2.png',17),(92,'Sony Flash 3.png',17),(93,'Sony Flash 4.png',17),(94,'Neewer TT560 Flash Speedlite 4.png',18),(95,'Neewer TT560 Flash Speedlite 3.png',18),(96,'Neewer TT560 Flash Speedlite 2.png',18),(97,'Canon EF 50mm side 2.png',19),(98,'Canon EF 50mm side 3.png',19),(99,'Canon EF 50mm side 4.png',19),(100,'Canon EF 50mm side.png',19),(101,'Canon EF 75-300mm 2.png',21),(102,'Sigma 150-600mm front.png',22),(103,'Sigma 150-600mm 4.png',22),(104,'Sigma 150-600mm buttons.png',22),(105,'Sigma 150-600mm 3.png',22),(106,'Sigma 150-600mm 2.png',22),(107,'Bosch BT150 usage.png',23),(108,'Bosch BT150 install.png',23),(109,'Bosch BT150 install 2.png',23),(110,'Bosch BT150 install 3.png',23),(111,'Joby JB01507 usage 2.png',24),(112,'Joby JB01507 usage 3.png',24),(113,'Joby JB01507 usage 4.png',24),(114,'Joby JB01507 collapsed.png',24),(115,'Joby JB01507 usage 1.png',24),(116,'GoPro Tripod with camera 2.png',25),(117,'GoPro Tripod with camera.png',25),(118,'GoPro monopod mode.png',25),(119,'GoPro tripod picture.png',25),(120,'GoPro monopod selfie.png',25),(121,'Samsung Galaxy S7 incline 1.png',27),(122,'Samsung Galaxy S7 back.png',27),(123,'Samsung Galaxy S7 incline 2.png',27),(124,'Samsung Galaxy S6 Edge incline 2.png',28),(125,'Samsung Galaxy S6 Edge back 1.png',28),(126,'Samsung Galaxy S6 Edge incline 1.png',28),(127,'Samsung Galaxy S6 Edge incline 3.png',28),(128,'Samsung Galaxy S6 Edge back 2.png',28),(129,'Samsung Galaxy S6 Edge incline 4.png',28),(130,'Google Pixel 3a - back and front.png',29),(131,'Google Pixel 3a - back side.png',29),(132,'LG G Flex incline.png',30),(133,'LG G Flex lying.png',30),(134,'LG G Flex sim tray open.png',30),(135,'LG G Flex front and back curve.png',30),(136,'LG Optimus Exceed 2 back.png',31),(137,'LG Optimus Exceed 2 incline 2.png',31),(138,'LG Optimus Exceed 2 incline 1.png',31),(139,'LG G6 T-Mobile lying.png',32),(140,'LG G6 T-Mobile side 1.png',32),(141,'LG G6 T-Mobile back.png',32),(142,'TracFone Motorola Moto G6 side.png',33),(143,'TracFone Motorola Moto G6 back.png',33),(144,'Pantech Pocket 3.png',34),(145,'Pantech Pocket 4.png',34),(146,'Pantech Pocket 2.png',34),(147,'Samsung Galaxy S10 side 2.png',35),(148,'Samsung Galaxy S10 front and back.png',35),(149,'Samsung Galaxy S10 side 1.png',35),(150,'Samsung Galaxy S10 back.png',35),(151,'Samsung Galaxy A20s back.png',36),(152,'Samsung Galaxy A20s side2.png',36),(153,'Samsung Galaxy A20s cameras.png',36),(154,'Samsung Galaxy A20s side1.png',36),(155,'Samsung Galaxy S20 incline2.png',37),(156,'Samsung Galaxy S20 side1.png',37),(157,'Samsung Galaxy S20 incline1.png',37),(158,'Samsung Galaxy S20 side2.png',37),(159,'Samsung Galaxy S20 front and back.png',37),(160,'iPhone 7 Plus front.png',39),(161,'iPhone 7 Plus 2.png',39),(162,'iPhone 7 Plus back.png',39),(163,'iPhone X 64GB rear.png',40),(164,'Google Pixel 4 side.png',41),(165,'Google Pixel 4 incline.png',41),(166,'Google Pixel 4 back.png',41),(167,'Motor G Power twos.png',42),(168,'Motor G Power unlocked.png',42),(169,'Motor G Power cameras.png',42),(170,'Huawai P30 Lite rear.png',43),(171,'Huawai P30 Lite specs.png',43),(172,'Huawai P30 Lite twos.png',43),(173,'Huawai P30 Lite cameras.png',43),(174,'Redmi Note 9S cameras.png',44),(175,'HOVAMP iPhone Charger compatible.png',45),(176,'HOVAMP iPhone Charger Aluminum.png',45),(177,'HOVAMP iPhone Charger internal.png',45),(178,'Aioneus iphone charger cord demo charging.png',46),(179,'Aioneus iphone charger cord internal.png',46),(180,'Aioneus iphone charger cord easy to carry.png',46),(181,'Aioneus iphone charger cord supported devices.png',46),(182,'XIAE USB C Cable suitability.png',47),(183,'XIAE USB C Cable supported devices.png',47),(184,'XIAE USB C Cable internals.png',47),(185,'XIAE USB C Cable connectors.png',47),(186,'XIAE USB C Cable features.png',47),(187,'Everyworth Micro USB Cable supported devices.png',48),(188,'Everyworth Micro USB Cable Durability.png',48),(189,'Everyworth Micro USB Cable perfect design.png',48),(190,'Everyworth Micro USB Cable Attention.png',48),(191,'Samsung EVO Select 256GB microSD 3.png',49),(192,'Samsung EVO Select 256GB microSD 4.png',49),(193,'Samsung EVO Select 256GB microSD 6.png',49),(194,'Samsung EVO Select 256GB microSD 7.png',49),(195,'Samsung EVO Select 256GB microSD 5.png',49),(196,'Samsung EVO Select 256GB microSD 2.png',49),(197,'SanDisk 128GB 3.png',50),(198,'SanDisk 128GB 4.png',50),(199,'SanDisk 128GB 2.png',50),(200,'SanDisk Ultra 32GB 2.png',51),(201,'SanDisk Ultra 32GB 5.png',51),(202,'SanDisk Ultra 32GB 3.png',51),(203,'SanDisk Ultra 32GB 4.png',51),(204,'Samsung PRO 128GB 4.png',52),(205,'Samsung PRO 128GB 3.png',52),(206,'Samsung PRO 128GB 2.png',52),(207,'Lexar 512GB2.png',53),(208,'Lexar 512GB 3.png',53),(209,'Manfrotto Tripod hand.png',54),(210,'Manfrotto Tripod collapse.png',54),(211,'Manfrotto Tripod 2.png',54),(212,'Manfrotto Tripod 3.png',54),(213,'Nulaxy A4 holds ipad.png',55),(214,'Nulaxy A4 2 portable.png',55),(215,'Nulaxy A4 2 case.png',55),(216,'Nulaxy A4 2.png',55),(269,'HP Chromebook dimensions.png',68),(270,'HP Chromebook usb audio.png',68),(271,'HP Chromebook components.png',68),(295,'Galaxy Tab A side.png',74),(296,'Galaxy Tab A back.png',74),(297,'Galaxy Tab A front and back.png',74),(298,'Galaxy Tab A potrait.png',74),(299,'Galaxy Tab S6 Lite landscape.png',75),(300,'Galaxy Tab S6 Lite incline.png',75),(301,'Galaxy Tab S6 Lite back.png',75),(302,'Galaxy Tab S6 Lite pen.png',75),(318,'iPad 6 all sides.png',79),(336,'Western Digital 1TB 5.png',86),(337,'Western Digital 1TB 4.png',86),(338,'Western Digital 1TB 3.png',86),(339,'Western Digital 1TB 2.png',86),(340,'Western Digital 4TB internal.png',87),(341,'Western Digital 4TB external.png',87),(345,'LG WH16NS40 front.png',90),(346,'LG WH16NS40 disc.png',90),(357,'Western Digital 500GB SSD 3.png',95),(358,'Western Digital 500GB SSD 2.png',95),(359,'Western Digital 500GB SSD 4.png',95);
/*!40000 ALTER TABLE `product_images` ENABLE KEYS */;
UNLOCK TABLES;

--
-- Table structure for table `products`
--

DROP TABLE IF EXISTS `products`;
/*!40101 SET @saved_cs_client     = @@character_set_client */;
/*!50503 SET character_set_client = utf8mb4 */;
CREATE TABLE `products` (
  `id` int NOT NULL AUTO_INCREMENT,
  `name` varchar(255) NOT NULL,
  `alias` varchar(255) NOT NULL,
  `short_description` varchar(4096) NOT NULL,
  `full_description` varchar(4096) NOT NULL,
  `created_time` datetime(6) NOT NULL,
  `updated_time` datetime(6) DEFAULT NULL,
  `enabled` bit(1) NOT NULL,
  `in_stock` bit(1) DEFAULT NULL,
  `cost` float NOT NULL,
  `price` float NOT NULL,
  `discount_percent` float DEFAULT NULL,
  `length` float NOT NULL,
  `width` float NOT NULL,
  `height` float NOT NULL,
  `weight` float NOT NULL,
  `main_image` varchar(255) NOT NULL,
  `category_id` int DEFAULT NULL,
  `brand_id` int DEFAULT NULL,
  `average_rating` float NOT NULL,
  `review_count` int NOT NULL,
  PRIMARY KEY (`id`),
  UNIQUE KEY `UK_8qwq8q3hk7cxkp9gruxupnif5` (`alias`),
  UNIQUE KEY `UK_o61fmio5yukmmiqgnxf8pnavn` (`name`),
  KEY `FKa3a4mpsfdf4d2y6r8ra3sc8mv` (`brand_id`),
  KEY `FKog2rp4qthbtt2lfyhfo32lsw9` (`category_id`),
  CONSTRAINT `FKa3a4mpsfdf4d2y6r8ra3sc8mv` FOREIGN KEY (`brand_id`) REFERENCES `brands` (`id`),
  CONSTRAINT `FKog2rp4qthbtt2lfyhfo32lsw9` FOREIGN KEY (`category_id`) REFERENCES `categories` (`id`)
) ENGINE=InnoDB AUTO_INCREMENT=109 DEFAULT CHARSET=utf8mb4 COLLATE=utf8mb4_0900_ai_ci;
/*!40101 SET character_set_client = @saved_cs_client */;

--
-- Dumping data for table `products`
--

LOCK TABLES `products` WRITE;
/*!40000 ALTER TABLE `products` DISABLE KEYS */;
INSERT INTO `products` VALUES (1,'Canon EOS M50 Mirrorless Vlogging Camera Kit with EF-M 15-45mm lens, Black','canon-eos-m50','<div><div>Dual Pixel CMOS AF for fast, accurate autofocus that helps you get the photo you want right as the moment happens</div><div>241 Megapixel APS C CMOS sensor and the DIGIC 8 Image Processor delivers incredible color, clear details, and stunning range</div><div>Variangle Touchscreen LCD has a flexible tilt range ideal for high angle and low angle shooting, and reviewing your photos</div><div>Built in high resolution electronic viewfinder features approximately 2,360,000 dots to see high amounts of detail when capturing</div><div>Use the EOS Utility Webcam Beta Software (Mac and Windows) to turn your compatible Canon camera into a high-quality webcam</div></div>','<div><div><b>The EOS M50 is a compact interchangeable lens camera for aspiring photographers looking for an easy way to boost the quality of their photos and videos. With clear, high-resolution 4K UHD 24p video, you can capture the incredible details and cinematic moments of your life at home or wherever your adventures take you.</b></div><div><br></div><div>Snap vibrant, eye-catching photos with a <b>24.1 Megapixel (APS-C)</b> CMOS Sensor using the built-in Electronic Viewfinder or Vari-angle Touchscreen LCD. Thanks to the fast and improved Dual Pixel CMOS Autofocus system, you can quickly lock focus on your subject to make sure you don\'t miss the action. See how the EOS M50 can easily deliver the high-quality photos and videos you\'ve always imagined.</div></div>','2020-01-10 10:28:30.000000','2020-09-25 10:28:30.000000',_binary '',_binary '',1,511,599,0,5,5,3,'2',1,10,0,0),(2,'Sony ZV-1 Camera for Content Creators, vlogging and YouTube with flip screen and microphone','sony-zv-1','<ul><li><span style=\"font-size: 1rem;\">20.1MP stacked back illuminated 1\" Exmor RS CMOS sensor w/ DRAM, Large aperture 24-70mm1 F1.8-2.8 ZEISS Vario-Sonnar T lens</span></li><li><span style=\"font-size: 1rem;\">Fast Hybrid AF, Real Time Eye-AF3 and Real-time AF tracking</span></li><li><span style=\"font-size: 1rem;\">Quickly switch between two modes of defocused background bokeh</span></li><li><span style=\"font-size: 1rem;\">Product Showcase Setting transitions focus from face to object</span></li><li><span style=\"font-size: 1rem;\">Face priority AE keeps faces bright in backlit or dim condition</span></li><li><span style=\"font-size: 1rem;\">What\'s In The Box: Rechargeable Battery Pack (NP-BX1), Micro USB Cable, Wind Screen, Wind Screen Adaptor, Strap</span></li></ul>','<div><div>Sony ZV-1 Camera for Content Creators and Vloggers, packed with advanced imaging technology and easy-to-use functionality.</div><div>The ZV-1 is designed to bring together simplicity and power, opening up creative opportunities as wide as your imagination.</div><div>The ZV-1 design makes creating outstanding selfie and vlog content easy. Right down to the last detail, the ZV-1 is all about empowering you to make inspirational content.</div></div>','2020-01-10 10:28:30.000000','2020-09-25 11:27:15.000000',_binary '',_binary '',1,711,789,0,4.3,2.5,2,'0.9',3,10,0,0),(3,'Panasonic Lumix FZ80 4K Digital Camera','panasonic-lumix-fz80','<div><ul><li>18.1 Megapixel Video Camera</li><li>60X Zoom DC VARIO 20-1200mm Lens</li><li>F2.8-5.9 Aperture</li><li>Power O.I.S. Stabilization</li><li>Touch Enabled 3-Inch LCD</li><li>Wi-Fi, DC-FZ80K (Black)</li></ul></div>','<div>Perfect for travelers, the Panasonic Lumix Digital Camera DC FZ80K brings the legendary optical performance of a super long 60X (20 1200mm) DC Vario lens with amazingly stable O.I.S. (Optical Image Stabilizer) to a highly portable point and shoot travel camera. With a powerful 18.1 megapixel MOS sensor, the Lumix DC VARIO camera lens features a super bright F2.8 5.9 aperture range that is optically stabilized with Panasonic’s Power O.I.S. technology to add striking depth of field dimension to your photographs even in low light conditions. The high resolution power of 4K video technology captures up to 4X the resolution (3840 x 2160) of standard Full HD, enabling you to create printable photos with 4K photo\'s blistering 30 frames per second burst feature. Post Focus and Focus Stacking provide for additional creative freedom by allowing you to change depth of field or focus points after you take the picture. The Lumix FZ80 perfectly fits in your hand with an ergonomic grip while its rear touch enabled 3 inch LCD display and high resolution 1,170K dot viewfinder remain clear even in bright sunlight. Convenient travel ready technologies like USB charging and Wi Fi connectivity to your mobile device make the Lumix DC FZ80K a digital camera that everyone can enjoy.<br></div>','2020-01-10 10:28:30.000000','2020-09-25 11:58:25.000000',_binary '',_binary '',1,235,298,0,5.3,5,4,'1.75',7,10,0,0),(4,'Pelican 1200 Case With Foam (Black)','pelican-1200-case','<div><ul><li>Completely Watertight</li><li>Indestructible</li><li>Customized Fit</li><li>Trusted by Professionals</li></ul></div>','<div><div>Pelican Protector Cases are made with Copolymer Polypropylene, using an open cell core and solid wall construction, which is stronger and lighter that the completion. You can tell its a Pelican case by the distinctive \"twin-ribbed\" top surface. Stainless steel pins are used for hinges and handles. The new Double-Throw latches are much easier to open.Pelican cases are kept watertight through the use of a tongue and groove fit and a polymer o-ring.</div><div>Pelican cases come standard with an Automatic Pressure Equalization Valve which releases built up air pressure while keeping water out.</div><div>Pelican\'s Pick N\'Pluck foam lets you customize the interior. Stainless steel hardware</div><div>Interior Dimensions (inches): 9.25 x 7.12 x 4.12</div><div>LID DEPTH- 1.18Inches (3 cm). BOTTOM DEPTH- 2.93 Inches (7.4 cm). TOTAL DEPTH- 4.11Inches(10.4 cm). TOTAL DEPTH- 4.11 Inches (10.4 cm). INT VOLUME- 0.16 ft³ (0.005 m³) Weight With Foam 2.87 lbs (1.3 kg) Weight Empty 2.65 lbs (1.2 kg) Buoyancy 12.02 lbs (5.5 kg)</div><div>Pelican cases are kept watertight through the use of a tongue and groove fit and a polymer o-ring.</div><div>Pelican cases come standard with an Automatic Pressure Equalization Valve which releases built up air pressure while keeping water out.</div><div>Pelican\'s Pick N\'Pluck foam lets you customize the interior.</div><div>Single folding front handle</div></div>','2020-01-10 10:28:30.000000','2020-09-25 12:08:13.000000',_binary '',_binary '',1,0,54.95,0,0,0,0,'0',8,9,0,0),(5,'Pelican 1040 Micro Case (Black/Clear)','pelican-1040-micro-case','<div><ul><li>Water resistant, crushproof and dustproof</li><li>Rubber liner for extra protection, doubles as o-ring seal</li><li>Stainless steel hardware</li><li>Clear polycarbonate lid to easily identify items in the box</li><li>Interior Dimensions (inches): 6. 50 x 3. 87 x 1. 75</li><li>Great for rugged sports - not for swimming or submerging</li><li>Water-resistant, crush-proof and dust-proof</li></ul></div>','<div><div>This water-resistant, crushproof case is ideal for <font color=\"#ff0000\">rugged activities</font>. It will keep your expensive GPS, cell phones and other electronics and documents safe and secure. For over 30 years Pelican has built a reputation for manufacturing the toughest cases in the world. As a matter of fact, we invented the category. Over these years we\'ve seen our cases used for some fairly crazy activities...and important ones too.</div><div><b><br></b></div><div><b>Pelican Micro Cases</b> are created for your smaller items. Micro Cases look and function in the same way as the larger Pelican Cases, but are designed to protect your cell phone, iPod, camera, and other small items. Many of the cases are water resistant and crushproof, or impact resistant to provide maximum protection for your valuables. These cases will get your gear from point A to point B in the condition it\'s meant to be in: intact and functional.</div></div>','2020-01-10 10:28:30.000000','2020-09-25 12:13:33.000000',_binary '',_binary '',0,0,14.95,0,0,0,0,'0',8,9,0,0),(6,'Verizon Prepaid - Apple iPhone 6S (32GB) - Space Gray','verizon-apple-iphone-6s','<div>Carrier - This Device is locked to the Verizon prepaid network.<br></div>','<div><ul><li>Plans - Choose from four different plans, including unlimited data. Hurry to tale Advantage of the current double data limited time offer.</li><li>ACTIVATION - Activate your plan at Vzw. com/prepaid and access the My Verizon app after activation to easily manage your account.</li><li>4. 7-Inch Retina HD display</li><li>12MP camera and 4K video</li><li>5MP FaceTime HD camera with Retina Flash</li><li>Touch ID for secure authentication and Apple Pay</li><li><span style=\"font-size: 1rem;\">A9 chip</span></li><li>Ios 12 with Group FaceTime, screen Time, and even faster performance</li></ul></div>','2020-01-10 10:28:30.000000','2020-09-25 12:26:27.000000',_binary '',_binary '',1,201,249.99,0,5.8,3,0.7,'0.5',9,14,0,0),(7,'Samsung Galaxy Note II, White 16GB (AT&T)','Samsung-Galaxy-Note-II,-White-16GB-(AT&T)','<div><ul><li>Display: 5.5-inches</li><li>Camera: 8-MP</li><li>Processor Speed: 1.6 GHz</li><li>OS: Android 4.1 (Jelly Bean)</li></ul></div>','<div>Samsung Galaxy Note II brings a whole new category of smartphones to AT&amp;T. This high-performance device boasts many rich features and is indispensable when it comes to entertainment and productivity thanks to an enhanced S Pen hover experience, intuitive software, and elegant hardware features. Touch, hover, scribble, and speak—the Note II offers multiple tactile ways to interact. Capture and create with the innovative S Pen and preloaded apps like S Memo and S Note. Enjoy multitasking, intuitive interactions, customizable home screens, and more on the latest Google OS Android 4.1, Jelly Bean and the Samsung TouchWiz platform. With the latest HD Super AMOLED Plus technology powering the Note II’s 5.5-inch 720P display, images are bigger, clearer, and brighter than ever allowing you to view color-rich movies, photos, presentations, and gaming. With Note II performance and power are automatic, thanks to Samsung’s Exynos 1.6 Ghz quad-core processor, a long-lasting battery, and blazing fast 4G LTE network speeds.<br></div>','2020-01-10 10:28:30.000000','2020-09-25 13:34:36.000000',_binary '',_binary '',1,513,599.99,0,4,1.5,6.2,'0.6',10,14,0,0),(8,'Samsung 860 EVO 500GB 2.5 Inch SATA III Internal SSD (MZ-76E500B/AM)','Samsung-860-EVO-500GB-2.5-Inch-SATA-III-Internal-SSD','<div><ul><li>Brand: Samsung Electronics</li><li>Digital Storage Capacity: 500 GB</li><li>Hardware Interface: SATA 6.0 Gb/s</li><li>Type of product: 2.5 inches</li><li>Write Speed: 520 megabits_per_second</li></ul></div>','<div><div>Innovative V-Nand Technology: Powered by Samsung V-NAND Technology, the 860 EVO SSD offers optimized performance for everyday computing as well as rendering large-sized 4K videos and 3D data used by the latest applications</div><div>Enhanced read write speeds: Sequential read and write performance levels of up to 550MB/s and 520MB/s, respectively</div><div>Secure encryption: Protect data by selecting security options, including AES 256-bit hardware-based encryption compliant with TCG Opal and IEEE 1670</div><div>Warranty and compatibility: 5-year limited warranty; Windows 8/Windows 7/Windows Server 2003 (32 bit and 64 bit), Vista (SP1 and above), XP (SP2 and above), MAC OSX and Linux</div><div>Included contents: 2.5 inches (7 millimeter) SATA 3 (6 Gb/s) SSD &amp; user manual (All other cables, screws, brackets not included); Reliability (MTBF): 1.5 Million Hours Reliability (MTBF)</div></div>','2020-01-10 10:28:30.000000','2020-09-25 14:00:57.000000',_binary '',_binary '',1,49,109.99,37,4.5,3.5,0.5,'0.6',10,27,0,0),(9,'Canon PowerShot ELPH 180 Digital Camera','Canon-PowerShot-ELPH-180-Digital-Camera','<div>Canon PowerShot ELPH 180 Digital Camera w/ Image Stabilization and Smart AUTO Mode (Silver), 0.90in. x 3.70in. x 2.10in. - 1093C001<br></div>','<div><div>8x Optical Zoom with Optical Image Stabilizer helps you capture images with flexibility and ease</div><div>20.0 Megapixel CCD sensor combines with the DIGIC 4+ Image Processor to help deliver stunning image quality</div><div>720p HD video capabilities.Focusing Range:Normal: 2.0 in. - infinity (W), 4.3 ft. (1.3m) - infinity (T)</div><div>Smart AUTO intelligently selects the proper settings based on predefined shooting situations</div><div>Digital IS helps reduce the effect of camera shake and subject movement.Operating Temperature:32-104°F / 0-40°C.Compatible with Android devices version 4.0 or later</div><div>Scene Modes such as Fisheye Effect, Toy Camera Effect and Monochrome provide creative freedom to capture your photos</div></div>','2020-01-10 10:28:30.000000','2020-09-25 15:50:22.000000',_binary '',_binary '',1,82,100,0,4.3,1.3,2.5,'0.5',1,10,0,0),(10,'Olympus Tough TG-6 Waterproof Camera, Red','Olympus-Tough-TG-6-Waterproof-Camera,-Red','<div><ul><li>Waterproof (50 feet /15 meter), dust proof, shockproof (7 feet / 2.1 meter), crush proof (100kgf), freeze proof (14 degree Fahrenheit / -10 degree Celsius ), anti fog</li><li>High resolution F2.0 lens, maximum 8x zoom, true pic VIII, back illuminated CMOS image sensor</li><li>Variable macro system comprised of 4 macro shooting modes, magnified shooting up to 1 centimeter from the end of the lens</li><li>5 underwater shooting modes including underwater microscope, 3 underwater white balance modes</li><li>4K movie and full HD 120 fps high speed movies can be recorded. Battery life - Approx. 340 Images (using Toshiba SDHC UHS-I Card Exceria with IS ON, based on CIPA test standards). Approx. 50 minutes (under standard JEITA testing). Approx. 110 minutes (when zoom and other operational functions are not used). When repeatedly recording at the maximum time of 29 minutes</li></ul></div>','<div>You live for the outdoors. Hiking steep mountain trails. Backpacking through a desert Canyon. Skiing in the wilderness. The tough tg-6 is ready for adventure. It’s built to endure all the extreme environments you love exploring. You can drop it. Step on it. Go deep underwater or out into a freezing blizzard. It just keeps on shooting awesome stills and video. Packed with pro features, you’ll nail difficult shots — even in low light. Shoot intricately detailed macro photos and unique shots underwater with vivid color. The lightweight, compact tough tg-6. Engineered to survive the world’s toughest places.<br></div>','2020-01-10 10:28:30.000000','2020-09-25 16:08:23.000000',_binary '',_binary '',1,289,349,0,5,3,2,'1.5',11,10,0,0),(11,'Sony a7 III (ILCE7M3K/B) Full-frame Mirrorless','Sony-a7-III-ILCE7M3K-B-Full-frame-Mirrorless','<div><ul><li>Advanced 24.2MP BSI Full-frame Image Sensor w/ 1.8X readout speed Advanced 24.2MP Back-Illuminated 35mm Full-frame Image Sensor</li><li>15-stop dynamic range, 14-bit uncompressed RAW, ISO 50 to 204,800</li><li>Up to 10fps Silent or Mechanical Shutter with AE/AF tracking</li><li>693 phase-detection / 425 contrast AF points w/ 93% image coverage</li><li>In the box: SEL2870 lens, Lens hood, Lens cap, Lens rear cap, Rechargeable Battery (NP-FZ100), AC Adapter (AC-UUD12), Shoulder strap, Body cap, Accessory shoe cap, Eyepiece cup, Micro USB cable</li></ul></div>','<div>Advanced 24.2MP Full-frame Image Sensor w/ 1.8X readout speed Advanced 24.2MP Back-Illuminated 35mm Full-frame Image Sensor. Improved AF and tracking plus up to 10fps continuous shooting capture decisive moments. Reliable operability ensures confident shooting. A light, compact body enhances mobility. 4K HDR3 4 movie recording capability.<br></div>','2020-01-10 10:28:30.000000','2020-09-25 16:19:32.000000',_binary '',_binary '',1,0,1950,0,0,0,0,'0',3,10,0,0),(12,'CADeN Camera Backpack Bag','CADeN-Camera-Backpack-Bag','<div>Backpack Bag Professional for DSLR/SLR Mirrorless Camera Waterproof, Camera Case Compatible for Sony Canon Nikon Camera and Lens Tripod Accessories<br></div>','<div><div>【Large-Capacity】Dimensions:28*14*36 cm/11*5.5*14.2 inches, 0.79kg/1.74lb. This professional photography camera backpack fits 1 camera bodies+4 lens+flash+ipad+tripod place+other accessories.Or for DJI drone. High-elasticity mesh bags on both sides for bottle and umbrella. On one side of the camera bag is tripod or trekking pole place.</div><div>【Item Feature】Waterproof made of high density waterproof 900D polyester nylon, protect your photography gears from rain and damaged.</div><div>【Multi-Functions】①Lengthened shoulder belts are made of high elasticity,decompression memory foam, very good design for American. ②Hidden Zipper design,special and beautiful. ③Inner bag paddings are made of 7-layer PE foam and PP board, well protect your camera from shocking, very durable.</div><div>【Good Quality and Perfect Design】①Shoulder belts and handle that connected with camera rusksack have taken bar-tack reinforcement technology which load-bearing up to 50kg(110.2lb). Best care for your cameras, lens, flashes, tripod and other accessories. ②Scratch proof and lightweight material protects your camera from damage and being deformed. ③CADeN alloy zipper won\'t rusty within 3 years ,and wont break within 5 years.</div><div>【Perfect Services】: 1 years guarantees--Any problems within 1 year, we will offer a new one for you; 20 years factory with more than 1000 employees focused on camera bag, trustworthy for you.</div></div>','2020-01-10 10:28:30.000000','2020-09-25 16:31:11.000000',_binary '',_binary '',1,0,27.99,0,11.5,14.5,6,'1.8',12,9,0,0),(14,'AmazonBasics Large DSLR Camera Gadget Bag','AmazonBasics-Large-DSLR-Camera-Gadget-Bag','<div><ul><li>Store, carry and protect your camera equipment</li><li>Slot for iPad Mini, Google Nexus 7, Amazon Kindle Fire</li><li>Holds 1 DSLR body and up to 3 lenses</li></ul></div>','<div><div>This water-resistant, crushproof case is ideal for rugged activities. It will keep your expensive GPS, cell phones and other electronics and documents safe and secure. For over 30 years Pelican has built a reputation for manufacturing the toughest cases in the world. As a matter of fact, we invented the category. Over these years we\'ve seen our cases used for some fairly crazy activities...and important ones too.</div><div><br></div><div>Pelican Micro Cases are created for your smaller items. Micro Cases look and function in the same way as the larger Pelican Cases, but are designed to protect your cell phone, iPod, camera, and other small items. Many of the cases are water resistant and crushproof, or impact resistant to provide maximum protection for your valuables. These cases will get your gear from point A to point B in the condition it\'s meant to be in: intact and functional.</div></div>','2020-01-10 10:28:30.000000','2020-09-25 16:50:39.000000',_binary '',_binary '',1,18,25.95,0,14,10,8,'2.2',13,9,0,0),(15,'Nikon SB-700 AF Speedlight Flash for Nikon Digital SLR Cameras','Nikon-SB-700-AF-Speedlight-Flash-for-Nikon-Digital-SLR-Cameras','<div><ul><li>Portable, Versatile Speedlight Unit</li><li>Nikon\'s Precision i-TTL Flash Control</li><li>Complete Flash Head Positioning Freedom</li><li>Hot Shoe and Wireless Operation</li><li>Wireless Flash Control</li></ul></div>','<div>The next great speedlight from Nikon is here, introducing the Nikon SB-700, a high-performance portable flash with a host of new features designed to make flash photography simple, accurate and creative. The SB-700 is for photographers looking for an on-camera Speedlight offering more power for greater depth-of-field control than the built-in flash or for users looking for a compact Speedlight that can be set up as a Commander or a Remote in wireless flash set-ups as well as those who want to upgrade from their existing or older Nikon Speedlight.What’s in the box: Nikon SB-700 Speedlight Shoe Mount Flash, AS-22 Speedlight Stand for SB-700 (Replacement), SW-14H Diffusion Dome for SB-700 Flash, SZ-3TN Incandescent Filter for SB-700 Speedlight, SZ-3FL Fluorescent Filter for SB-700 Speedlight, SS-700 Soft Case for SB-700 Speedlight Shoe Mount Flash and 1-Year Limited Warranty. Flash Coverage:Multi-step auto zoom covers wide 24-120mm zoom range,Recycling Time:Approx. 2.5 sec. with NiMH or alkaline batteries, 3.5 s with lithium batteries,Number of Flashes:Approx. 160 (Alkaline) 260 (NiMH),Weight (without battery, memory card or body cap): Approx. 360g (14.6 oz.),Other Features:Ready Light, Thermal Cut-out function, Firmware update via compatible DSLR, Hard Color Filters,Dimensions:Approx. 71.0 x 126.0 x 104.5 mm,Power Requirements,Four AA-size 1.5V batteries:Supplied Accessories (may differ by country or area), Speedlight Stand AS-22, Nikon Diffusion Dome SW-14H, Incandescent Filter SZ-3TN, Fluorescent Filter SZ-3FL, Soft Case SS-700. Compatible cameras - All cameras compatible with Nikon Creative Lighting System (other cameras can be used but functionality is reduced)<br></div>','2020-01-10 10:28:30.000000','2020-09-26 10:47:58.000000',_binary '',_binary '',1,149,199,10,5.2,4.3,3.1,'0.84',14,11,0,0),(16,'Canon Speedlite 470EX-AI, Auto Intelligent Flash Photography','Canon-Speedlite-470EX-AI,-Auto-Intelligent-Flash-Photography','<div><div>World\'s first flash equipped with an Ai bounce function*</div><div>Ai. B full-auto mode and AI. B semi-auto mode settings.</div><div>Maximum guide number of 47 (154 ft. /47M) at is 100.</div><div>A assist Beam emission in low-light scenes.</div><div>\"Zoom flash head range of 24 105mm**. flash exposure adjustment range of &amp;plasmin; 3 Stops in 1/3 or 1/2 step. Broad bounce angle range of 0 120° upwards, 180° to the left and 180° to the right. Optical receiver mode for Off-Camera triggering. Charge status Indicated in LCD panel. Mini stand and new bounce Adapter Accessories included. \"</div></div>','<div><div>The speed Lite 470ex-ai makes bounce flash photography simple as the world\'s first flash with auto intelligent bounce, automatically calculating the distance between It and the subject as well as the distance from the ceiling to provide the optimal bounce angle and amazingly illuminating results.</div><div><br></div><div>World\'s First Flash Equipped with Auto Intelligent Bounce as of 2/25/18</div><div>Simplify and streamline your flash photography with the Speedlite 470EX-AI! Its AI (Auto Intelligent) Bounce function* means it can select and maintain the ideal bounce flash angle and settings, automatically swiveling the flash head into place to help easily and properly illuminate your subject.</div><div><br></div><div>Auto Intelligent Bounce</div><div>Master Bounce Flash Photography with Ease</div><div><br></div><div>AI.B Full-auto mode helps make bounce flash photography fast and easy by automatically creating a brilliant light source for the situation at hand and moving itself into an ideal position.</div><div><br></div><div>Push Your Bounce Flash Creativity Further</div><div><br></div><div>For seasoned flash photographers, the AI.B Semi-auto mode can maintain the specified bounce angle when the camera\'s orientation is changed, letting you focus on your subject and composition without having to adjust the flash settings.</div></div>','2020-01-10 10:28:30.000000','2020-09-26 10:50:43.000000',_binary '',_binary '',1,0,279,5,0,0,0,'0',1,11,0,0),(17,'Sony External Flash with Wireless Radio Control Camera Flash','Sony-External-Flash-with-Wireless-Radio-Control-Camera-Flash','<div>External flash with wireless radio controller. Dust and moisture resistant design.<br></div>','<div><div>Powerful flash lighting at guide number 60 (Gn60)</div><div>Operates as On-Camera flash, radio wireless Commander or receiver</div><div>Fast recycling time of 1.7 sec.2 or 0.6 sec.2 w/ optional FA-EBA1</div><div>Continuous shooting up 220 emissions per set of batteries. Power Source: Four Aa-Size Alkaline Or Ni-Mh Batteries</div><div>In the box: Connector protect cap; Mini-stand; Case; Bounce adaptor; Color filter (amber); Color filter (green); Carrying pouch</div></div>','2020-01-10 10:28:30.000000','2020-09-26 10:54:01.000000',_binary '',_binary '',1,0,548,15,0,0,0,'0',3,11,0,0),(18,'Neewer TT560 Flash Speedlite','Neewer-TT560-Flash-Speedlite','<div>Flash for Canon Nikon Panasonic Olympus Pentax and Other DSLR Cameras，Digital Cameras with Standard Hot Shoe<br></div>','<div><div>Vertical Rotation Angle: 0~90 degrees, Horizontal Rotation Angle: 0~270 degrees; Note: Don\'t support TTL and the camera menu setting Function</div><div>Compatible with for Canon Nikon Panasonic Olympus Pentax Fijifilm and Sony with Mi Hot Shoe cameras，like a9 a7 a7II a7III a7R III a7RII a7SII a6000 a6300 a6500 (NOT compatible with Canon EOS Rebel SL3/250D，Rebel T7/1500D 2000D，Rebel T100/3000D 4000D）</div><div>Power Management: Switch to the ON, the flash will start charging (the charging indicator is dim)</div><div>For a test flash, press the test button. After use, press the ON/OFF to OFF to power off.</div><div>Red charging indicator lamp flickers in every 1s; it indicates low battery; The flash unit has 8 steps of power output control which indicated by 8 pieces of LED</div></div>','2020-01-10 10:28:30.000000','2020-09-26 11:01:54.000000',_binary '',_binary '',1,0,39.99,0,0,0,0,'0',15,11,0,0),(19,'Canon EF 50mm f/1.8 STM Lens','Canon-EF-50mm-f-1.8-STM-Lens','<div><ul><li>50 millimeter focal length and maximum aperture of f/1.8</li><li>Great for portraits, action, and nighttime photography; Angle of view (horizontal, vertical, diagonal): 40º, 27º,46º</li><li>Minimum focusing distance of 1.15 feet (0.35 meter) and a maximum magnification of 0.21x</li><li>Stepping motor (STM) delivers near silent, continous Move Servo AF for movies and smooth AF for stills</li><li>80 millimeter effective focal length on APS C cameras, 50 millimeter on full frame cameras.Lens Construction: 6 elements in 5 groups</li></ul></div>','<div>The wide f/1.8 aperture lets in more than 8x the amount of light compared to the standard zoom lens that is provided with your EOS*. This results in sharper images with less motion blur and reduced need to use flash in dimly lit conditions so you can easily capture the atmosphere of a low light environment.The 50mm focal length allows you to fill the frame with your subject from a comfortable distance making it a great lens for portraits. A similar perspective to the human eye and its compact size make the EF 50mm f/1.8 STM a great everyday lens to always carry with your EOS camera.The near-silent STM (Stepping Motor) technology focuses extremely quickly when shooting photos, so you can react suddenly to capture fleeting moments. Creating high quality movies is easier with STM as it delivers steady and quiet continuous focusing, so your movies are smooth, and soundtracks only capture the surrounding sounds and not the noise of a focusing motor.The EF 50mm f/1.8 STM replaces the popular EF 50mm f/1.8 II lens which was affectionately known for giving outstanding picture quality at an affordable price. This latest version gives the same stunning photo quality but with a fast, near-silent focus motor and a more robust build that belies its price.<br></div>','2020-01-10 10:28:30.000000','2020-09-26 11:13:39.000000',_binary '',_binary '',1,81,99.76,5,4,4,5,'0.6',1,12,0,0),(20,'Nikon AF-S Nikkor 50mm f/1.8G Lens','Nikon-AF-S-Nikkor-50mm-f-1.8G-Lens','<div><ul><li>Fast, upgraded f/1.8, compact FX format prime lens. The picture angle with 35 millimeter (135) format is 47 degree and the maximum reproduction ratio is 0.15X</li><li>Focal length 50 millimeter, minimum focus distance 1.48 feet (0.45 meter)</li><li>Newly developed optical system with aspherical lens element, exclusive Nikon silent wave motor (SWM)</li><li>M/a focus mode switch, filter thread 58 millimeter, autofocus: yes. Dimensions (approx.) (from the camera lens mounting flange): approximately 2.83 inches diameter x 2.01 inches</li><li>Optimized for edge to edge sharpness on both fx and dx format d SLRS</li><li>Lens not zoomable</li></ul></div>','<div><div>Your DSLR’s Best Friend</div><div>A must-have for standard portraits and everyday use, the AF-S NIKKOR 50mm f/1.8G is a lens that will absolutely surprise you. The 50mm focal length (75mm equivalent on DX format cameras) with a fast f/1.8 aperture allows you to capture stunning images with a shallow depth-of-field, letting your subjects stand out from their backgrounds. The AF-S NIKKOR 50mm f/1.8G may soon become your new favorite lens.</div></div>','2020-01-10 10:28:30.000000','2020-09-26 11:26:07.000000',_binary '',_binary '',1,0,216.95,10,0,0,0,'0',14,12,0,0),(21,'Canon EF 75-300mm f/4-5.6 III Telephoto Zoom Lens','Canon-EF-75-300mm-f-4-5.6-III-Telephoto-Zoom-Lens','<div><ul><li>Focal Length &amp; Maximum Aperture : 75-300mm 1:4-5.6</li><li>Lens Construction : 13 elements in 9 groups</li><li>Diagonal Angle of View : 32° 11\' - 8° 15\'</li><li>Focus Adjustment : Front group rotating extension system with Micromotor</li><li>Closest Focusing Distance : 1.5m/ 4.9 ft.</li></ul></div>','<div>The Canon EF 75-300mm f/4-5.6 III is a 4x zoom characterized by its relatively lightweight design and compact form factor. Well-suited for a variety of subjects, including portraiture and sports, this lens portrait to medium telephoto fields of view and utilizes a DC micro motor to provide fast and accurate autofocus performance. Benefitting image quality, a Super Spectra coating has been applied to individual elements to reduce lens flare and ghosting in order to achieve high contrast and accurate colors. Additionally, it features a seven-blade diaphragm to produce smooth and pleasing bokeh.<br></div>','2020-01-10 10:28:30.000000','2020-09-26 11:29:31.000000',_binary '',_binary '',1,130,155,5,5.2,3.3,2.5,'1.35',1,12,0,0),(22,'Sigma 150-600mm 5-6.3 Contemporary DG OS HSM Lens for Canon','Sigma-150-600mm-5-6.3-Contemporary-DG-OS-HSM-Lens-for-Canon','<div><ul><li>Lightweight and compact in construction for higher useability</li><li>Water and oil repellent coating on front glass element makes maintenance of the lens surface</li><li>Filter Size: 95mm</li><li>Minimum focusing distance : 280 cm/110.2 inches, focal length :150-600mm</li></ul></div>','<div><div>150-600 Millimeter F5-6.3 DG OS HSM | C</div><div>Portability Meets Versatility</div><div>The Sigma 150-600 millimeter 5-6.3 DG HSM OS Contemporary was created around the concept of maximum portability meets utmost image quality in a variable aperture hyper-telephoto zoom lens. Light weight and compact, this s zoom can handle any long-reach photographic situation one may encounter. This 150-600 millimeter Contemporary boasts updated Sigma technology such as a quiet and optimized Hyper Sonic Motor (HSM) and a new Optical Stabilizer (OS) with an accelerometer for improved panning photography both vertically and horizontally, essential for birding, wildlife and motor photography. The Sigma 150-600 Contemporary also touts a new zoom lock switch that can be locked at any focal length and a new manual override (MO) switch is incorporated for improved focusing control. Working with the Sigma USB dock, this lens allows for maximum customization such as firmware updates and adjustments to the focus limiter, AF speed and OS view.</div><div><br></div><div>USB Dock Compatibility</div><div>Sigma has developed special software (SIGMA Optimization Pro) that can update the lens firmware and adjust parameters such as focus. In addition, the lenses from our Sports line have customizable AF speed, focus limiter, OS function and full-time manual focus function. The \'Custom Mode Switch\' is the device for further customization on the dedicated lenses.</div></div>','2020-01-10 10:28:30.000000','2020-09-26 11:36:36.000000',_binary '',_binary '',1,605,869,20,11,5,5,'4.5',16,12,0,0),(23,'Bosch BT150 Compact Extendable Tripod with Adjustable Legs BT 150','Bosch-BT150-Compact-Extendable-Tripod-with-Adjustable-Legs-BT-150','<div><ul><li>EXTENDABLE: The Bosch BT 150 provides extendable height adjustments so the user can expand tripod from 22 inches to 61 inches for different height applications</li><li>ADJUSTABLE: The tripod features a steady adjustable base that swivels, adjusts, and tightens product for steady measurement applications.</li><li>COMPACT: The Bosch BT 150 is compact, portable and lightweight with collapsible legs. At only 2 lbs. the tripod is easy to store and transport.</li><li>STABILITY: The Bosch BT 150 tripod provides an adjustment system that tightens the tripod for increased stability at the user’s desired height.</li><li>VERSATILE: With a 1/4-Inch to 20 mounting thread of detachable base, the Bosch BT 150 is compatible with Bosch line lasers, point lasers, and laser measures for a variety of applications</li></ul></div>','<div><div>The Bosch BT150 Compact Tripod with Adjustable Legs allows the user to work at precise heights ranging from 22 inches to 61 inches. The tripod has a fine adjustment crank that allows for quick setup with the benchmark. The compact and lightweight BT 150 tripod is easy to store and transport. The 1/4-Inch mounting thread makes it compatible with Bosch line lasers, point lasers and laser measures.Bosch BT 150 Compact Tripod</div><div>The Bosch BT 150 compact tripod with adjustable legs allows the user to work at precise heights ranging from 22 In. to 61 In. The tripod has a fine adjustment crank that allows for quick setup with the benchmark. The compact and lightweight BT 150 tripod is easy to store and transport. The 1/4 In. mounting thread makes it compatible with Bosch line lasers, point lasers and laser measures.</div></div>','2020-01-10 10:28:30.000000','2020-09-26 13:18:44.000000',_binary '',_binary '',1,29,39.99,12,24,5,4.5,'3',17,13,0,0),(24,'Joby JB01507 GorillaPod 3K Kit','Joby-JB01507-GorillaPod-3K-Kit','<div>Compact Tripod 3K Stand and Ballhead 3K for Compact Mirrorless Cameras or Devices up to 3K (6.6lbs). Black/Charcoal.<br></div>','<div><div>LEVELHEADED, LIGHTWEIGHT TRIPOD KIT. Designed to support DSLR and mirrorless cameras or devices weighing up to 3kg (6.6lbs). With a 360° panning head and 90° tilt your GorillaPod 3K Kit is a must have for any photographer, cinematographer or vlogger.</div><div>GRIP IT. WRAP IT. STAND IT. Rubberized rings and foot grips provide enhanced stability in difficult terrain. Wrappable legs allow you to secure professional camera equipment to virtually any surface. Works with pro-level accessories like GripTight PRO Mount</div><div><br></div><div>Flexible: Grip it. Wrap it. Stand it. Wrappable legs allow you to secure professional camera equipment to virtually any surface</div><div>Strong: Holds devices weighing up to 3 kg (6.6 lbs)</div><div>Stable: Rubberized ring and foot grips provide enhanced stability in difficult terrain</div><div>Durable: Japanese medical-grade ABS plastic and German TPE for firm, secure joints</div></div>','2020-01-10 10:28:30.000000','2020-09-26 13:23:40.000000',_binary '',_binary '',1,41,79.95,36,7.2,2,2,'1.2',18,13,0,0),(25,'GoPro Shorty Mini Extension Pole Tripod','GoPro-Shorty-Mini-Extension-Pole-Tripod','<div><ul><li>The pocket-size shorty (4. 6in, 11. 7cm) is the perfect partner for on-the-go activities, travel and more</li><li>Extend shorty up to 8. 9in (22. 7cm) for group shots, selfies and other hard-to-reach angles</li><li>Prop shorty up on any level surface with its built-in tripod</li><li>Includes 1 Year GoPro Manufacturer</li></ul></div>','<div>Shorty is a grab-and-go Mini extension pole and tripod. Its compact design makes it ideal to take along for just about any casual activity. Toss it in your pocket on your way out the door, and you’ll have the perfect little partner to position your camera and get the best shot.<br></div>','2020-01-10 10:28:30.000000','2020-09-26 13:27:56.000000',_binary '',_binary '',1,0,39.99,7,0,0,0,'0',19,13,0,0),(26,'Manfrotto Element Aluminum 5-Section Monopod','Manfrotto-Element-Aluminum-5-Section-Monopod','<div><ul><li>Convertible Screw (1/4\' &amp; 3/8) for camera or head connection</li><li>Twist-locking mechanism</li><li>Interchangeable feet (rubber or spiked)</li><li>Ergonomic hand grip w/ wrist strap</li></ul></div>','<div><div>Manfrotto Element Monopod is the ideal support to carry everywhere, it’s compact when folded and extremely sturdy when opened on field. It comes in two different colors and with twist locking mechanism that make it easy and fast to operate. The ergonomic hand grip allows great transportability and ensure great nimbleness during the shooting experience.</div></div>','2020-01-10 10:28:30.000000','2020-09-26 13:43:02.000000',_binary '',_binary '',1,0,39.99,0,0,0,0,'0',20,13,0,0),(27,'Samsung Galaxy S7 G930P 32GB, Black Onyx - Sprint','Samsung-Galaxy-S7-G930P-32GB,-Black-Onyx---Sprint','<div>Samsung GS7, Black 32GB. Android 6.0 (marshmallow). Expandable memory to 200GB. 12MP rear Camera with Dual pixel 5MP Front Camera.<br></div>','<div><div>The Galaxy S7 has an extended design that puts more experiences at your fingertips. View information such as scores, stocks, news and more with Flipboard.</div><div>Water-resistant smartphone. Worry less about daily wear and tear of your phone. Galaxy S7 edge has an IP68 rating meaning it repels against dust, splashes, spills and even dunks.</div><div>Brighter, better, faster photos. The Galaxy S7 has a dual-pixel Camera with faster, more precise Auto focus and a new low-light sensor.</div><div>Take charge of the charge. Fast, wireless charging lets you power Galaxy S7 from 0-100% in virtually no time. And with Samsung Galaxy’s biggest battery (3600 mAh) in their thinnest Device.</div><div>Android 6.0 (marshmallow) Expandable memory to 256GB 12MP rear Camera with Dual pixel 5MP Front Camera</div></div>','2020-01-10 10:28:30.000000','2020-09-28 17:37:40.000000',_binary '',_binary '',1,0,118,0,0,0,0,'0',10,14,0,0),(28,'Samsung Galaxy S6 Edge, Black Sapphire 32GB (AT&T)','Samsung-Galaxy-S6-Edge,-Black-Sapphire-32GB','<div><ul><li>Display: 5.10-inches</li><li>Camera: 16-MP</li><li>Processor Speed: OCTA Core 64-bit</li><li>OS: Android 5.0 (Lollipop)</li></ul></div>','<div><div>Six Appeal</div><div>The Samsung Galaxy S6 Edge embodies the best of form and function – packing incredible performance into a beautifully sleek frame and Lightning-fast 64 bit, Octa-core processor.Bold, Beautiful Display</div><div>Finally, a smartphone that\'s more than simply beautiful. The Samsung Galaxy S6 edge has evolved its design—both inside and out. The Samsung Galaxy S6 edge lets you:</div><div><br></div><div>- Easily hold, text, call, and more with its stunning metal bezel, sophisticated glass, and two revolutionary edge screens.</div><div><br></div><div>- Watch images and videos come to life on the 5.1-inch Quad HD Super AMOLED display, even in sunlight.</div><div><br></div><div>- Work, watch, and game at blazing-fast speeds.</div><div><br></div><div>- Capture amazing photos with the fast-focus camera and take epic wide-angle selfies.</div><div><br></div><div>- Use Ultra Power Saving Mode, Fast Charging, or wireless charging3 to extend your smartphone’s battery life when it’s running low.</div></div>','2020-01-10 10:28:30.000000','2020-09-28 17:56:51.000000',_binary '',_binary '',1,0,414,0,0,0,0,'0',10,14,0,0),(29,'Google Pixel 3a XL Verizon Just Black, 64GB','Google-Pixel-3a-XL-Verizon-Just-Black,-64GB','<div><ul><li>Fullscreen 6.0-inch (152.4mm) displayFHD+ (2160 x 1080) OLED at 402 ppi18:9 aspect ratio</li><li>Camera 12.2 MP Front Camera 8 MP</li><li>Battery 3700mAh</li><li>Experience HD Voice, Video Calling and Simultaneous Voice &amp; Data. Enable Wi-Fi Calling and make calls anywhere you have a Wi-Fi connection.</li><li>Qualcomm Snapdragon 670 2.0GHz + 1.7GHz, 64-bit Octa-Core</li></ul></div>','<div>Introducing the Google Pixel 3a XL. The convenience of Google Assistant. The confidence of a custom-made Titan M security chip. And the power of a 7-hour Adaptive Battery. All on a smartphone with advanced camera features like Night Sight and Portrait Mode. Unleash its full potential with Verizon, the nation\'s most awarded network.<br></div>','2020-01-10 10:28:30.000000','2020-09-28 18:02:06.000000',_binary '',_binary '',1,189,230.33,0,7,5,3,'2',21,14,0,0),(30,'LG G Flex, Titan Silver 32GB (AT&T)','LG-G-Flex,-Titan-Silver-32GB','<div><ul><li>Display: 6.0-inches</li><li>Camera: 13-MP</li><li>Processor Speed: 2.26 GHz</li><li>OS: Android 4.2.2 (Jelly Bean)</li></ul></div>','<div><div>The World’s First Curved, Flexible Smartphone</div><div><br></div><div>LG has proven itself to be a true champion of innovation across more than six decades of consumer electronics experience around the globe. LG has now leveraged that expertise, forever changing the very shape of the smartphone category by creating our latest breakthrough, the new G Flex, the world’s first curved, flexible smartphone.</div></div>','2020-01-10 10:28:30.000000','2020-09-28 18:06:05.000000',_binary '',_binary '',1,0,610.9,10,0,0,0,'0',22,14,0,0),(31,'LG Optimus Exceed 2 (Verizon Prepaid)','LG-Optimus-Exceed-2-(Verizon-Prepaid)','<div><ul><li>4.5 inch WVGA Display with Gorilla Glass touch screen. Andriod 4.4.2 KitKat</li><li>5 Megapixel autofocus camera</li><li>Video player with touch lock, Play on Screen Function</li><li>Prepaid phones cannot be migrated to postpay accounts until after six months of prepaid service</li><li>This product will not supports a Micro SIM card.</li></ul></div>','<div>The Verizon LG Optimus Exceed 2 Prepaid Smartphone offers connectivity, helpful features and a large display. Plus, you can use it with flexible plans that include no annual contract. With Guest Mode, you can decide what apps are available if you lend it to the kids or family members. You can also view videos, eBooks and emails clearly on the 4.5\" WVGA touchscreen. Immediately know if you have missed an appointment or call just by glancing at the smartphone. The smart LED around the Home button changes colors to signify something different, including charging status. The Verizon LG phone has Wi-Fi connectivity and Google Chrome browsing so you can surf the web or connect via social media. You can also listen to your favorite tunes through the MP3 player. It has a 2,100mAh battery so you can enjoy up to 12 hours of talk time and 18 days of standby time. *SIM Card not included<br></div>','2020-01-10 10:28:30.000000','2020-09-28 18:08:48.000000',_binary '',_binary '',1,0,40,0,0,0,0,'0',22,14,0,0),(32,'LG G6 H872 32GB T-Mobile Carrier Android Phone','LG-G6-H872-32GB-T-Mobile-Carrier-Android-Phone','<div><ul><li>LG G6 H872 T-Mobile 4G Ice Platinum 32GB 5.7\" 13MP Android Cell Phone</li><li>This G6 is locked to the T-Mobile GSM network. It will not work with ANY OTHER carrier besides T-Mobile</li></ul></div>','<div>LG G6 H872 T-Mobile 4G Ice Platinum 32GB 5.7\" 13MP Android Cell Phone Sealed in retail packaging with all accessories included<br></div>','2020-01-10 10:28:30.000000','2020-09-28 18:31:20.000000',_binary '',_binary '',1,0,163.95,0,0,0,0,'0',22,14,0,0),(33,'TracFone Motorola Moto G6 4G LTE Prepaid','TracFone-Motorola-Moto-G6-4G-LTE-Prepaid','<div><ul><li>5.7\" Full HD+ Max Vision Display; 1.8 GHz Octa-Core processor; Android 8.0 Oreo; Fingerprint Reader</li><li>4G LTE; Wi-Fi Capable; Bluetooth 4.2 wireless technology</li><li>Dual Lens 12 MP + 5MP Camera/8 MP Front Facing Camera; Internal memory 32 GB; supports Micro SD memory card up to 128 GB (not included); TurboPower Quick Charge Battery</li><li>Note: This phone is carrier locked; Customers must have had their locked device activated on service for no fewer than 12 months, redeemed air time cards in no fewer than 12 months, and not have had their telephone number recycled or ported.</li><li>Unlimited Talk, Text and Data plans starting as low as $20/month</li></ul></div>','<div>The TracFone Motorola G6 4G LTE Android prepaid smartphone serves as a useful alternative to people who don\'t want to commit to a month-to-month cell service plan. With this item, you can pay as-you-go. This allows you to track the amount of money you\'re spending easily. This prepaid smartphone comes fully loaded with a wide variety of applications, including Wi-Fi, GPS and Bluetooth. With it, you can access over a million other apps on Google play. It comes with a camera, so you can snap shots and share them with friends. Use the MP3 player to listen to your favorite music. This Android smartphone supports a Micro SD memory card of up to 128GB. It should be noted that the memory card does not come included in the packaging and can be bought separately.<br></div>','2020-01-10 10:28:30.000000','2020-09-28 18:36:37.000000',_binary '',_binary '',1,0,69.99,0,0,0,0,'0',22,14,0,0),(34,'Pantech Pocket, Black (AT&T)','Pantech-Pocket,-Black','<div><ul><li>Display: 4-inches</li><li>Camera: 5-MP</li><li>Processor Speed: 1.0 GHz</li><li>OS: Android 2.3 (Gingerbread)</li></ul></div>','<div><div>With everything you do on your phone, it helps to have a screen that can accommodate it all. With a 4:3 aspect ratio, the Pantech Pocket\'s 4-inch touchscreen display features enhanced rendering and plenty of room to view all of your apps.</div><div>Enjoy the Internet without compromise with the full HTML browser and support for Adobe Flash as well as streaming YouTube videos. The Android 2.3 (Gingerbread) operating system brings one-touch access to the popular Google mobile services you use every day, including Google Search, Gmail, Google Maps with Navigation, Google Calendar, Picasa, and YouTube. And through Android Market, you\'ll get access to thousands of useful applications, widgets, and fun games to download and install on your phone, with many more apps being added every day.</div><div><br></div><div>With AT&amp;T\'s 4G network, you\'ll enjoy mobile broadband speeds up to 4x faster than AT&amp;T\'s already fast mobile broadband network (learn more below). You also get the AT&amp;T Mobile Hotspot service built right into the smartphone--enabling you to connect additional Wi-Fi-enabled devices to the phone\'s mobile broadband signal (requires appropriate data plan). This GPS-enabled phone can also access the AT&amp;T Navigator service for turn-by-turn directions.</div><div><br></div><div>Capture snapshots and videos on the go with the 5-megapixel camera, which provides HD 720p resolution video recording. Other features include a pre-loaded Amazon Kindle e-reader app, Bluetooth for hands-free devices and stereo music streaming, a 600 MB internal memory, included 2 GB microSD card (with expansion to 32 GB via optional cards), GPS for navigation and location services, and up to 6 hours of talk time.</div></div>','2020-01-10 10:28:30.000000','2020-09-28 18:43:00.000000',_binary '',_binary '',1,0,39.9,0,0,0,0,'0',24,14,0,0),(35,'Samsung Galaxy S10 Factory Unlocked Android Cell Phone','Samsung-Galaxy-S10-Factory-Unlocked-Android-Cell-Phone','<div><ul><li>128GB of Storage&nbsp;</li><li>Fingerprint ID and Facial Recognition</li><li>Long-Lasting Battery</li></ul></div>','<div><div>The next generation Samsung Galaxy S10 is as powerful, intelligent and intuitive as you are, providing endless possibilities and next- level power in performance, productivity, creation and design. Known as the Da Vinci of smartphones, the Galaxy S10 features pro lenses to capture stunning photos and the S-Pen to easily create content and utilize your smartphone’s full capabilities. Get more from your S10 with all new creative features such as Single Take AI, Pro Video, and more. Advanced low light technology in the pro lenses gives you the ability to shoot with long exposure-style captures so your content features striking light trails.&nbsp; Capture video and multiple types of images with one tap of the shutter button and then easily and quickly share more, quicker. The Galaxy S10 features a powerful processor, intelligent power and a long-lasting battery that learns your habits and adapts to your screen usage in order to optimize power and performance. With Unlocked by Samsung, you get to choose the carrier, data plan, services, features and apps you want.</div><div><br></div><div>Updated Camera Features: Get the more powerful S10 with a software update that gives you all new features including Single Take AI, Pro Video and more</div><div>High-quality camera lenses: With a full set of pro lenses, including ultrawide for stunning landscapes and micro-zoom for epic details, Galaxy S10 is a studio in your pocket, featuring live video bokeh, precision audio focus and super-stabilization</div><div>Photos and video with one tap: capture multiple images and video all at once, in one tap. Lenses, effects and filters capture the best of every moment, every time</div><div>Capture with pro-grade tool set made for masters: Control your camera settings with Pro-Video Mode to adjust the exposure, focus and more to bring your creative vision to life</div><div>Share more, quicker: The Galaxy S10 can now connect to and share with up to 5 other compatible devices at the same time using Bluetooth and WiFi, with no limits on content type or file size</div><div>Sleek Design: Samsung Galaxy S10 boasts a super-slim design that fits comfortably in your pocket and easily sits in the hand. A 6.1” endless quad HD+ dynamic AMOLED screen with nearly bezel-less infinity display offers a cinematic viewing experience</div><div>All-day Battery: Fast-charging, long-lasting intelligent power features super-speed processing, Wireless PowerShare, and massive storage, and tailors battery usage to how you live and work to optimize battery life to last all day</div></div>','2020-01-10 10:28:30.000000','2020-09-28 18:48:37.000000',_binary '',_binary '',1,680,747,5,6.2,3.2,1.5,'1.1',10,15,0,0),(36,'Samsung Galaxy A20s A207M 32GB DUOS GSM Unlocked Phone','Samsung-Galaxy-A20s-A207M-32GB-DUOS-GSM-Unlocked-Phone','<div><ul><li>Memory: 32GB 3GB RAM - microSD, up to 512GB - Dual-SIM</li><li>Main Camera: Triple - 13 MP, f/1.8, 27mm (wide), PDAF + 8 MP, f/2.2, 13mm (ultrawide) + 5 MP, f/2.2, depth sensor w/ LED flash, panorama, HDR : Selfie Camera: 8 MP, f/2.0</li><li>OS: Android 9.0 (Pie) - Chipset: Qualcomm SDM450 Snapdragon 450 - CPU: Octa-core 1.8 GHz Cortex-A53 -GPU: Adreno 506</li><li>WLAN: Wi-Fi 802.11 b/g/n, Wi-Fi Direct, hotspot - Bluetooth: 4.2, A2DP, LE - GPS: Yes, with A-GPS, GLONASS, GALILEO, BDS - USB: Type-C 1.0 reversible connector</li></ul></div>','<div>When you\'re traveling through new worlds, vlogs, and games, Galaxy A20s\'s bigger screen makes for a better view. Its 6.5-inch Infinity-V display stretches from edge to edge, taking your everyday experiences from good to amazing. Triple camera makes your moments feel special with the 13MP, 5MP Depth Camera, and 8MP Ultra Wide Camera. The Depth Camera spotlights your subject, while the Ultra Wide Camera fits in 120-degrees worth of memories. So everyday moments stay clear and bright. Fit more in your photos with the Ultra Wide Camera. The 77-degree Wide angle and 120-degree Ultra Wide angle let you capture what you see, so you won\'t miss the moment from where you stand. Now it\'s even easier to get a great panorama. he 5MP Depth Camera lets you adjust the depth of field before and after you nail the shot. The advanced Depth Camera knocks out unwanted background noise from your images to make them look more professional. The camera\'s on you, so it\'s your time to shine. Galaxy A20s\'s 8MP front camera makes your selfies look more stunning, and with Live focus, you get a gentle background blur that makes your personality the star of the picture. A powerful Octa-core processor and 3GB/4GB of RAM handle your graphic-heavy games and livestreams at rapid speeds. With 32/64GB of internal memory and up to 512GB of external storage, you have plenty of room to stream, download, and post. You do a lot in your day-to-day, so do it on a phone that lasts. Galaxy A20s\'s 4,000 mAh (typical)* battery and 15W Fast Charging technology mean you\'re powered. Share with friends, watch streams, and do what you love on a phone that lasts.<br></div>','2020-01-10 10:28:30.000000','2020-09-28 18:51:32.000000',_binary '',_binary '',1,0,169,0,0,0,0,'0',10,15,0,0),(37,'Samsung Galaxy S20 Ultra 5G Factory Unlocked ','Samsung-Galaxy-S20-Ultra-5G-Factory-Unlocked-','<div><ul><li>New Android Cell Phone</li><li>US Version</li><li>128GB of Storage</li><li>Fingerprint ID and Facial Recognition</li><li>Long-Lasting Battery</li><li>US Warranty</li></ul></div>','<div><div>The ultimate 5G powerhouse with an unparalleled new camera and unprecedented 100x Space Zoom. Bring a pro-level studio wherever you go with Galaxy S20 Ultra 5G\'s super-speed processing and complete pro kit of camera features – including the groundbreaking 100x Space Zoom and cutting-edge AI – in an immersive 6. 9” Infinity-O display. Galaxy S20 Ultra 5G’s modern design gives you a cinematic experience and enhanced viewing comfort with next-level functionality. Take pro-quality, hi-res images and video with a full system of studio lenses with super stabilization a groundbreaking 108MP camera system that captures millions of more pixels in each shot. Features like the Single Take AI make it quick and easy to capture multiple photos and video with a single tap. Zoom in super close, even from 300 feet away, and capture pro-grade video and dazzling photos at night, even without flash, with Ultra Bright Night mode. Share your content in real time with double-tap sharing and get hours of power from minutes of charge with Super Fast Charging. Galaxy S20 Ultra 5G’s intelligent battery lasts all day to power every scroll, click, call, tap, playlist and season finale. Do more of what you love with the device that gives you more.</div><div><br></div><div>Power of 5G: Get next-level power for everything you love to do with Samsung Galaxy 5G; Share more, game harder, experience more and never miss a beat</div><div>Single Take AI: Capture video and multiple types of images with one tap of the shutter button; Lenses, effects and filters capture the best of every moment, every time</div><div>Hi-Res Camera Zoom: Capture hi-res images from 300 feet away that look like they were taken from 3 feet away; The game-changing new 100x Space Zoom delivers unprecedented power and clarity</div><div>Ultra Bright Night Mode: Capture pro-quality content in Ultra Bright Night mode to capture dazzling, blur-free photos and vivid HRD video without flash, even in low light</div><div>Super Fast Charging: Charge up quicker with Super Fast Charge so you can keep moving, with more juice; Give your buds – or Galaxy Buds – a boost of power with Wireless PowerShare right from Galaxy S20 Ultra 5G</div><div>All-Day Battery: S20 Ultra 5G’s intelligent battery uses an algorithm to learn from how you live to optimize power and take you through a day or more of work and life without ever giving out on you</div><div>Massive Storage: Generous storage out of the box and expandable memory means you never have to delete what’s important to you; Memory card sold separately</div></div>','2020-01-10 10:28:30.000000','2020-09-28 18:54:33.000000',_binary '',_binary '',1,0,1379,20,0,0,0,'0',10,15,0,0),(38,'Apple iPhone XS, 256GB , Space Gray - Fully Unlocked (Renewed)','Apple-iPhone-XS,-256GB-,-Space-Gray---Fully-Unlocked-(Renewed)','<div><ul><li>Fully unlocked and compatible with any carrier of choice (e.g. AT&amp;T, T-Mobile, Sprint, Verizon, US-Cellular, Cricket, Metro, etc.).</li><li>The device does not come with headphones or a SIM card. It does include a charger and charging cable that may be generic, in which case it will be UL or Mfi (Made for iPhone) Certified.</li><li>Inspected and guaranteed to have minimal cosmetic damage, which is not noticeable when the device is held at arms length.</li></ul></div>','<div><div>This device is in EXCELLENT cosmetic condition, It is 100% fully functional as tested by our expert technicians and passed an industry leading 65-point inspection. The device may have minor cosmetic wear such as minimal light scratches on the screen and minor imperfections on sides and/or back. The device has been thoroughly inspected, cleaned and refurbished (if necessary) at our Manufacturer approved repair center. Includes new OEM a/C Adapter &amp; Data cable. Devices do not include a SIM card, headphones, original box, and a manufacturer’s warranty. This GSM unlocked Device is being sold for use with only GSM carrier networks such as, T-Mobile and AT&amp;T. Please check with your carrier prior to purchasing for compatibility.</div></div>','2020-01-10 10:28:30.000000','2020-09-28 18:56:57.000000',_binary '',_binary '',1,499,699.99,16,6.5,3.5,3.5,'1.35',9,15,0,0),(39,'Apple iPhone 7 Plus, 32GB, Jet Black','Apple-iPhone-7-Plus,-32GB,-Jet-Black','<div><ul><li>Fully unlocked and compatible with any carrier of choice (e.g. AT&amp;T, T-Mobile, Sprint, Verizon, US-Cellular, Cricket, Metro, etc.).</li><li>The device does not come with headphones or a SIM card. It does include a charger and charging cable that may be generic, in which case it will be UL or Mfi (Made for iPhone) Certified.</li><li>Inspected and guaranteed to have minimal cosmetic damage, which is not noticeable when the device is held at arms length.</li><li>Successfully passed a full diagnostic test which ensures like-new functionality and removal of any prior-user personal information.</li><li>Tested for battery health and guaranteed to have a minimum battery capacity of 80%.</li></ul></div>','<div>This device is in EXCELLENT cosmetic condition, It is 100% fully functional as tested by our expert technicians and passed an industry leading 65-point inspection. The device may have minor cosmetic wear such as minimal light scratches on the screen and minor imperfections on sides and/or back. The device has been thoroughly inspected, cleaned and refurbished (if necessary) at our Manufacturer approved repair center. Includes new OEM a/C Adapter &amp; Data cable. Devices do not include a SIM card, headphones, original box, and a manufacturer’s warranty. This GSM unlocked Device is being sold for use with only GSM carrier networks such as, T-Mobile and AT&amp;T. Please check with your carrier prior to purchasing for compatibility.<br></div>','2020-01-10 10:28:30.000000','2020-09-28 19:00:22.000000',_binary '',_binary '',1,0,400.22,0,0,0,0,'0',9,15,0,0),(40,'Apple iPhone X, 64GB, Space Gray - Fully Unlocked','Apple-iPhone-X,-64GB,-Space-Gray---Fully-Unlocked','<div>Fully unlocked and compatible with any carrier of choice (e.g. AT&amp;T, T-Mobile, Sprint, Verizon, US-Cellular, Cricket, Metro, etc.).<br></div>','<div><div>Product works and looks like new. Backed by the 90-day Amazon Renewed Guarantee.</div><div><br></div><div>This product is not Apple certified, but has been professionally inspected and tested by Amazon-qualified suppliers. The product may have minimal scratches or dents, and a battery with at least 80% capacity. Box may be generic and accessories may not be original, but will be compatible and fully functional. This product is eligible for a replacement or refund within 90 days of receipt if you are not satisfied. Learn more</div><div><br></div><div>Fully unlocked and compatible with any carrier of choice (e.g. AT&amp;T, T-Mobile, Sprint, Verizon, US-Cellular, Cricket, Metro, etc.).</div><div>The device does not come with headphones or a SIM card. It does include a charger and charging cable that may be generic, in which case it will be UL or Mfi (Made for iPhone) Certified.</div><div>Inspected and guaranteed to have minimal cosmetic damage, which is not noticeable when the device is held at arms length.</div><div>Successfully passed a full diagnostic test which ensures like-new functionality and removal of any prior-user personal information.</div><div>Tested for battery health and guaranteed to have a minimum battery capacity of 80%.</div></div>','2020-01-10 10:28:30.000000','2020-09-28 19:02:08.000000',_binary '',_binary '',1,380,449,0,7,5,3,'1.2',9,15,0,0),(41,'Google Pixel 4 - Just Black - 64GB - Unlocked','Google-Pixel-4---Just-Black---64GB---Unlocked','<div><ul><li>Point and shoot for the perfect photo. Capture brilliant color and control the exposure balance of different parts of your photos.</li><li>Get the shot without the flash. Night Sight is now faster and easier to use it can even take photos of the Milky Way.</li><li>Get more done with your voice. The new Google Assistant is the easiest way to send texts, share photos, and more. [1]</li><li>A new way to control your phone. Quick Gestures let you skip songs and silence calls – just by waving your hand above the screen. [2]</li><li>End the robocalls. With Call Screen, the Google Assistant helps you proactively filter our spam before your phone ever rings. [3]</li></ul></div>','<div><div>Pixel 4 is the phone Made the Google way. So it’s built around the helpful Google software you know and love, that’s always getting better.</div><div><br></div><div>1. See G.Co/Pixel/astrophotography to Learn more about astrophotography on Pixel 4.</div><div><br></div><div>2. Us only. English only.</div><div><br></div><div>3. Coming soon to Japan. Motion sense functional in the us, Canada, Singapore, Australia, Taiwan, and most European countries. Not all phone features are controlled by motion sense.</div><div><br></div><div>4. Us &amp; Canada only. English only.</div><div><br></div><div>5. Approximate battery life based on a mix of talk, data, standby, mobile Hot spot and use of other features, with motion sense off and always on display off. Use of motion sense, an Active display or data usage will decrease battery life. Pixel 4 and 4 XL testing conducted in Mountain View, California in August 2019 on pre-production hardware and software. Actual results may vary.</div></div><div><br></div>','2020-01-10 10:28:30.000000','2020-09-29 17:10:47.000000',_binary '',_binary '',1,456,799,31,1,3.5,6,'0.4',21,15,0,0),(42,'Moto G Power 3-Day Battery1 - Unlocked - Made for US by Motorola','Moto-G-Power','<div><div>Set yourself free from chargers and outlets. Say hello to moto g power. With its powerful 5000 mAh battery, you can go up to three full days1 on a single charge—and do the things you want without worrying about recharging. Shoot a panorama, close up, or anything in between with a versatile triple camera system. And thanks to the 6. 4” Max Vision Full HD+ display and dual stereo speakers tuned by Dolby, you’ll have an all-access pass to the world of entertainment. New moto g power. Power for life.</div></div>','<div><ul><li>Unlocked for the freedom to choose your carrier. Compatible with AT&amp;T, Sprint, T-Mobile, and Verizon networks. SIM card not included. Customers may need to contact Sprint for activation on Sprint’s network.</li><li>Up to 3 day battery1. Go up to three days1 on a single charge thanks to a 5000 mAh battery.</li><li>16 MP triple camera system. Capture ultra-wide angle panoramas, sharper portraits, and super detailed close-up shots.</li><li>Dual Stereo Speakers tuned by Dolby. Enjoy 4x more crystal-clear audio that’s 4x more powerful2 with dual stereo speakers tuned by Dolby.</li><li>Max Vision display. Bring games and movies to life on a vivid 6. 4\" Full HD+ display.</li><li>Blazing-fast performance. Feel your phone respond to every touch, tap, and swipe with an octa-core processor and 4 GB of RAM.</li><li>Advanced water-repellent design. Never let spills, splashes, or a little sweat get in the way of using your phone.</li><li>Wi-Fi Hotspot Ready: Moto G Power offers Wi-fi hotspot connectivity in 2. 4 GHz + 5 GHz for the best experience.</li><li>Included Components: User Guides</li><li>Operating System: Android</li></ul></div>','2020-01-10 10:28:30.000000','2020-09-29 17:14:38.000000',_binary '',_binary '',1,0,249.99,8,0,0,0,'0',23,15,0,0),(43,'Huawei P30 Lite (128GB, 4GB RAM) 6.15\" Display, AI Triple Camera, Dual SIM Global GSM Factory Unlocked','Huawei-P30-Lite-(128GB,-4GB-RAM)-6.15\"-Display,-AI-Triple-Camera,-Dual-SIM-Global-GSM-Factory-Unlocked','<div>Huawei P30 LITE MAR-LX3A 128GB 4GB RAM 6.15\" DUAL SIM (FACTORY UNLOCKED) GSM Smartphone (International Version)</div>','<div><ul><li>Factory GSM Unlocked. International Version. DUAL SIM. 128 GB, 4 GB RAM</li><li>LTE Bands LTE B1/B2/B4/B5/B7/B8/B12/B17/B28/B66</li><li>IPS LCD capacitive touchscreen, 16M colors. 6.15 inches, 89.1 cm2. 1080 x 2312 pixels (~415 ppi density)</li><li>Android 9.0 (Pie). Hisilicon Kirin 710 (12 nm). Octa-core (4x2.2 GHz Cortex-A73 &amp; 4x1.7 GHz Cortex-A53).</li><li>International Model, Does not have US Warranty. Will work with Most GSM SIM cards in U.S. and world Including AT&amp;T, T-Mobile, Etc. Will NOT work with CDMA Carriers Such as Verizon, Sprint, Boost.</li></ul></div>','2020-01-10 10:28:30.000000','2020-09-29 17:25:53.000000',_binary '',_binary '',1,0,236.99,0,0,0,0,'0',25,15,0,0),(44,'Xiaomi Redmi Note 9S 6.67\" 48MP International Global Version','Xiaomi-Redmi-Note-9S-6.67\"-48MP-International-Global-Version','<div><ul><li>6.67\" Dot Display</li><li>Qualcomm Snapdragon 720G High-performance octa-core</li><li>Camera - 48MP AI quad camera 48MP ultra-high resolution primary camera,</li><li>Front Camera 16MP In-Display</li></ul></div>','<div><div>6.67\" Dot Display, Qualcomm Snapdragon 720G High-performance octa-core processor Frequency: up to 2.3GHz Adreno 618 graphics processor Qualcomm 5th generation AI engine</div><div>Camera - 48MP AI quad camera 48MP ultra-high resolution primary camera, Front Camera 16MP In-Display</div><div>Network &amp; Connectivity GSM: B2/3/5/8 WCDMA: B1/2/4/5/8 TDD LTE: B38/40 FDD LTE: B1/2/3/4/5/7/8/20/28</div><div>Battery and Charging 5020mAh Built-In Non-removable Lithium Ion Polymer Battery USB Type-C reversible connector port Supports 18W wired fast charging Includes 22.5W wire charger (Foreign Wall Adapter)</div><div>International Model - No Warranty in US. Compatible with Most GSM Carriers like T-Mobile, AT&amp;T, MetroPCS, etc. Will NOT work with CDMA Carriers Such as Verizon, Sprint, Boost. - FCC ID: 2AFZZJ6A1G</div></div>','2020-01-10 10:28:30.000000','2020-09-29 17:28:59.000000',_binary '',_binary '',1,0,249.4,0,0,0,0,'0',26,15,0,0),(45,'HOVAMP iPhone Charger, MFi Certified Lightning Cable 5 Pack (3/3/6/6/10FT)','HOVAMP-iPhone-Charger,-MFi-Certified-Lightning-Cable-5-Pack','<div>Nylon Woven with Metal Connector Compatible iPhone 11/Pro/Xs Max/X/8/7/Plus/6S/6/SE/5S iPad - Silver&amp;White<br></div>','<div><div>Fast Charge:</div><div>♦High-quality four-core copper wires enhance charging &amp; data transfer speed of the cables.</div><div>♦Our technology ensures a faster charging time while keeping your device completely safe.</div><div>♦Easy to carry, It suits every occasions, home, office, car and so on.</div><div><br></div><div>High Quality Nylon Braided:</div><div>♦Constructed from neither plastics nor Polycarbonate sheathing, but has an especially high tensile nylon shell.</div><div>♦The cable is properly circled by the nylon fiber cloth,which brings superior durability and flexibility as well.</div><div>♦Nylon fabric can resist water in some way, but do not put it in water on purpose.</div><div><br></div><div>Compatibility:</div><div>The premium quality of HOVAMP charging cable ensures complete and fast charging and compatibility with:</div><div>iPhone 11/Pro</div><div>iPhone Xs/Max/XR/X/8/8 Plus</div><div>iPhone 7/ 7 Plus / 6s Plus / 6s / 6 Plus</div><div>iPhone 5s / 5c / 5 / SE</div><div>iPad Pro / iPad Air / Air 2</div><div>iPad mini 2 / mini 3 / mini 4</div><div>iPad 4th gen</div><div>iPod Touch 5th gen / iPod Nano 7th gen and Beats Pill+</div><div><br></div><div>What You Get:</div><div>5Pack Lightning Cables , With full confidence in the product we offer 100% refund for unsatisfactory purchase by any reason.</div><div>We provide a 365-day , worry-free to prove the importance we set on quality. Please be sure to send me message if you have a concern.</div></div><div><br></div>','2020-01-10 10:28:30.000000','2020-09-30 15:46:36.000000',_binary '',_binary '',1,8,11.99,0,2.4,2.4,0.79,'0.45',27,17,0,0),(46,'iPhone Charger Cord 4Pack iPhone Charger Cable','iPhone-Charger-Cord-4Pack-iPhone-Charger-Cable','<div>MFi Certified Lightning Cable Fast iPhone Charging Cord Nylon Braided iPhone Charging Cable Compatible with Phone 11 Pro max/XR max/8/7/6/6s/SE 2020,iPad<br></div>','<div><div>Aioneus 4Pack iPhone Charger Cable with Assorted Lengths (1.5FT/3FT/5FT/6FT)</div><div>More convenient to enjoy data sync &amp; charge anywhere and anytime. Using at home, in the car, in the office or outdoors.</div><div>Assorted lengths cover all your daily charging demands. No need to worry about the distance from your devices when charging.</div><div>Package included:</div><div>1*1.5ft Aioneus iPhone charger cord - Green</div><div>1*3ft Aioneus iPhone charging cord - Red</div><div>1*5ft Aioneus iPhone lightning cable - Orange</div><div>1*6ft Aioneus iPhone charger cable - Blue</div></div>','2020-01-10 10:28:30.000000','2020-09-30 16:04:41.000000',_binary '',_binary '',1,0,16.99,24,0,0,0,'0',28,17,0,0),(47,'USB C Cable, XIAE 5Pack (3/3/6/6/10FT) Nylon Braided Fast Charging Cable Aluminum','USB-C-Cable-XIAE-5Pack','<div>Compatible with Samsung Galaxy S10 S9 Note 9 8 S8 Plus,LG V30 V20 G6,Google Pixel,Huawei P30/P20-Black&amp;Blue<br></div>','<div><div>Fast charging speed: Compliant with USB Type C specification version 1.1, 56kilohm, ensuring a maximum charge of 3A. Low-resistance internal pure copper wire ensures a maximum charging speed of up to 3A and transmits data up to 480 Mbits.For ensure the charging speed of your device, please use the original USB C port wall charger, or high quality charger which can support QC 2.0/3.0 fast charging.</div><div>Durable: The durable nylon woven fabric is made of a high-quality aluminum casing that makes the charger cable resistant to oxidation. Excellent resistance to twisting and abrasion.With a tested 10000+ bend lifespan.</div><div>Multiple lengths: 3/3/6/6 / 10ft different lengths can be used on sofas, beds, cars and other places. Perfect for long enough wires to enjoy data synchronization and charging anytime, anywhere, without worrying about taking the cable anywhere.</div><div>Compatibility: Compatible with Samsung Galaxy S10 / S10e / S9 / Note 8/9 / S8 / S8 +, Razer, Google Pixel 2 / Pixel / Nexus 5X / Nexus 6P, LG V30 / V20 / G6 / G5, Sony Xperia XZ, Huawei Honor 9/8, Motorola Moto X4 / Z2, HTC U11 and all USB C compatible phones and tablets.</div><div>Warranty Policy: Each sale includes a 180-day Worry-Free Warranty to demonstrate our commitment to quality. If you have any questions, please feel free to contact us.</div></div>','2020-01-10 10:28:30.000000','2020-09-30 16:08:34.000000',_binary '',_binary '',1,0,10.99,9,0,0,0,'0',29,17,0,0),(48,'Micro USB Cable, 10ft 3 Pack Extra Long Charging Cord','Micro-USB-Cable,-10ft-3-Pack-Extra-Long-Charging-Cord','<div>Nylon Braided High Speed Durable Charging USB Charger Android Cable for Samsung Galaxy S7 Edge S6 S5,LG G4,HTC,Android Phone<br></div>','<div><div>★MICRO USB CABLE CONNECTION: The cables are built with MICRO port, exclusively for the devices that has micro connectors. Please make sure you need a MICRO USB CABLE before the purchase. If not, welcome to inquiry</div><div>★UNIVERSAL COMPATIBILITY: This extra long Micro USB Cable supports some Android cell phone and Android devices.Compatible with for Samsung Galaxy S7 Edge S7 S6 Edge S5 S4,Samsung Tablets Tab,for Xbox One controller, for PS4 Controller, Windows Phone, Huawei Honor 7X 6X,Motorola,LG G4 G3 V10,Google Nexus, Blackberry, Sony, HTC, Nokia, Blackberry, wireless keyboards and more</div><div>★DURABILITY &amp; FLEXIBLE: 10ft 3 pack Micro USB Cable is well made with smooth double - braided Nylon that could protect wire cores and resists kinks. With tested 4000+ bend lifespan, our USB charger cords are still sturdy and strong. The cord is also tangle free and flexible which makes your life more convenient</div><div>★EXTRA LONG &amp; PERFECT FIT: Long Android charging cable are considerate on preparing the cables for where you may stay every day. Workplace,office,home,bedroom,car,the way of the journey, etc. Premium compact, heat-resistant aluminium connector makes it easy and secure to connect your devices</div><div>★DATA SYNC &amp; Hi-SPEED CHARGE: The wide diameter wires and reduced cord resistance enable charging speed up to 2.4A, charging faster than most standard cables, and work better for tablets and quick charge devices. USB 2.0 A Male to Micro B cable supports 480Mbps transmission speed</div></div>','2020-01-10 10:28:30.000000','2020-09-30 16:14:29.000000',_binary '',_binary '',1,7,10.99,9,7.5,4,1,'0.7',30,17,0,0),(49,'Samsung Electronics EVO Select 256GB microSDXC UHS-I U3 100MB/s Full HD & 4K UHD Memory Card with Adapter (MB-ME256HA)','Samsung-Electronics-EVO-Select-256GB-microSDXC-UHS-I-U3-100M','<div><ul><li><span style=\"font-size: 1rem;\">Memory Type: SDXC</span></li><li>Hardware Interface: MicroSDXC</li><li>Speed Class: Class 10</li><li>Memory Storage Capacity: 256 GB</li></ul></div>','<div><div>Ideal for Recording 4K UHD Video: Samsung micro SD EVO Select is perfect for high res photos, gaming, music, tablets, laptops, action cameras, DSLR\'s, drones, smartphones (Galaxy S20 5G, S20+ 5G, S20 Ultra 5G, S10, S10+, S10e, S9, S9+, Note9, S8, S8+, Note8, S7, S7 Edge, etc. ), Android devices and more</div><div>Ultra Fast Read Write Speeds: Up to 100MB/S Read and 90MB/S Write Speeds; UHS Speed Class U3 and Speed Class 10 (Performance May Vary Based on Host Device, Interface, Usage Conditions, and Other Factors)</div><div>Built to Last Reliability: Memory Card Is Also Water Proof, Temperature Proof, X Ray Proof and Magnetic Proof</div><div>Extended Compatibility: Includes Full Size Adapter for Use in Cameras, Laptops and Desktop Computers</div><div>10 Year Limited : 10 Year Limited Does Not Extend to Dashcam , CCTV, Surveillance Camera and Other Write Intensive Uses</div></div>','2020-01-10 10:28:30.000000','2020-09-30 16:19:45.000000',_binary '',_binary '',1,0,49.99,40,1,0.5,0.6,'0.03',10,18,0,0),(50,'SanDisk 128GB Extreme microSDXC UHS-I Memory Card with Adapter - C10, U3, V30, 4K, A2, Micro SD - SDSQXA1-128G-GN6MA','SanDisk-128GB-Extreme-microSDXC-UHS-I-Memory-Card-with-Adapter','<div><ul><li>Memory Type: Micro SD</li><li>Hardware Interface: MicroSDXC</li><li>Memory Storage Capacity: 128 GB</li><li>Read Speed: 160 Megabytes Per Second</li></ul></div>','<div>With the SanDisk Extreme 128GB(1) microSD UHS-I Memory Card get extreme speeds for fast transfer, app performance, and 4K UHD video.(2) Ideal for your Android smartphone, action cameras or drones, this high-performance microSD card handles 4K UHD video recording, Full HD video and high-resolution photos. The super-fast SanDisk Extreme microSDXC memory card reads up to 160MB/s and writes up to 90MB/s. Plus, it’s A2-rated, so you can get fast application performance for an exceptional smartphone experience.(7) | Not all devices support microSD memory card formats. Check with your device manufacturer for more details. | For 128GB-400GB: Up to 160MB/s read speeds, engineered with proprietary technology to reach speeds beyond UHS-I 104MB/s, requires compatible devices capable of reaching such speeds. Up to 90MB/s write speeds. 1MB=1,000,000 bytes. | (1) 1GB=1,000,000,000 bytes. Actual user storage less. | (2) Compatible device required. Full HD (1920x1080) and 4K UHD (3840 x 2160) support may vary based upon host device, file attributes and other factors. | (3) Download and installation required. | (4) Card only. See SanDisk website for additional information and limitations. | (5) UHS Speed Class 3 (U3) designates a performance option designed to support real-time video recording with UHS-enabled host devices. Video Speed Class 30 (V30), sustained video capture rate of 30MB/s, designates a performance option designed to support real-time video recording with UHS-enabled host devices. | (6) Registration required; terms and conditions apply. | (7) For 64GB-400GB: A2 performance is 4000 read IOPS, 2000 write IOPS. Results may vary based on host device, app type and other factors. | (8) Read only; based on internal testing. Results may vary based on host device, file attributions and other factors.<br></div>','2020-01-10 10:28:30.000000','2020-09-30 16:22:16.000000',_binary '',_binary '',1,17,24.99,0,1,1,0.5,'0.3',5,18,0,0),(51,'SanDisk 32GB Ultra microSDHC UHS-I Memory Card with Adapter - 98MB/s, C10, U1, Full HD, A1, Micro SD Card - SDSQUAR-032G-GN6MA','SanDisk-32GB-Ultra-microSDHC-UHS-I-Memory-Card-with-Adapter','<div><ul><li>Memory Type: Microsdhc</li><li>Hardware Interface: MicroSDHC</li><li>Speed Class: Class 10</li><li>Memory Storage Capacity: 32 GB</li></ul></div>','<div><div>Ideal for Android smartphones and tablets, and MIL cameras</div><div>Capacities up to 512GB (1GB=1,000,000,000 bytes. Actual user storage less.) to store even more hours of Full HD video (Approximations; results and Full HD (1920x1080) video support may vary based on host device, file attributes and other factors.)</div><div>Up to 98MB/s transfer read speed (Based on internal testing; performance may be lower depending on host device, interface, usage conditions and other factors.) lets you move up to 1000 photos in a minute (Based on 4.1GB transfer of photos (avg. file 3.5MB) with USB 3.0 reader. Results may vary based on host device, file attributes and other factors.)</div><div>Load apps faster with A1-rated performance (A1 performance is 1500 read IOPS, 500 write IOPS. Based on internal testing. Results may vary based on host device, app type and other factors.)</div><div>Class 10 for Full HD video recording and playback (Full HD (1920x1080) video support may vary based upon host device, file attributes, and other factors.)</div><div>SanDisk Memory Zone app for easy file management (Download and Installation Required)</div><div>10-year limited manufacturer warranty</div><div>Order with your Alexa enabled device. Just ask \"Alexa, order SanDisk microSD.\"</div></div>','2020-01-10 10:28:30.000000','2020-09-30 16:25:14.000000',_binary '',_binary '',1,7,8.99,6,1,1,0.5,'0.04',5,18,0,0),(52,'Samsung PRO Endurance 128GB 100MB/s (U1) MicroSDXC Memory Card with Adapter (MB-MJ128GA/AM)','Samsung-PRO-Endurance-128GB-100MBs','<div><ul><li><span style=\"font-size: 1rem;\">Memory Type: Micro SDXC</span></li><li>Hardware Interface: MicroSDXC</li><li>Memory Storage Capacity: 128 GB</li><li>Write Speed: 30</li></ul></div>','<div><div>DESIGNED FOR VIDEO MONITORING: Samsung MicroSDXC PRO is specifically designed for video monitoring cameras including dash cams, surveillance &amp; security cams, body cams, etc.</div><div>ULTRA-FAST READ WRITE SPEEDS: Up to 100MB/s read and 30MB/s write speeds handles large video files quickly and seamlessly</div><div>HIGHER ENDURANCE: Continuous recording up to 25x longer than speed-focused cards gives you long-lasting, best-in-class endurance up to 43,800 hours of 4K and Full HD (1080p) recording and playback</div><div>BUILT TO LAST RELIABILITY: Shock proof memory card is also water proof, temperature proof, x-ray proof and magnetic proof</div><div>5-YEAR LIMITED WARRANTY: 5-year limited warranty; Warranty for SD adapter is limited to 1 year</div></div>','2020-01-10 10:28:30.000000','2020-09-30 16:27:21.000000',_binary '',_binary '',1,0,39.99,25,0,0,0,'0',10,18,0,0),(53,'Lexar High-Performance 633x 512GB microSDXC UHS-I Card with SD Adapter (LSDMI512BBNL633A)','Lexar-High-Performance-633x-512GB-microSDXC-UHS-I-Card-with-SD-Adapter','<div><ul><li>Premium memory solution for smartphones, tablets, or action cameras</li><li>Quickly captures, plays back, and transfers media files, including 1080p full-HD, 3D, and 4K video</li><li>Leverages UHS-I technology for a transfer speed up to 100MB/s</li><li>Includes high-speed, Class 10 card and SD adapter</li><li>Limited lifetime product support for card and one-year limited support for adapter</li><li>Only purchase from a Lexar Authorized Dealer</li></ul></div>','<div>Designed for your smartphone, tablet, or action camera, Lexar High-Performance 633x microSDHC/microSDXC UHS-I cards let you quickly capture, playback, and transfer 1080p Full-HD, 3D, and 4K video, as well as the highest-quality movies, photos, and songs. These high-capacity, Class 10 cards leverage UHS-I technology to deliver high-speed performance—up to 100MB/s. This premium memory solution includes an SD adapter and provides the speed and space you need to capture more adventure on the go.<br></div>','2020-01-10 10:28:30.000000','2020-09-30 16:30:54.000000',_binary '',_binary '',1,62,79.99,0,1,2,0.5,'0.2',31,18,0,0),(54,'Manfrotto PIXI Mini Tripod, Black (MTPIXI-B)','Manfrotto-PIXI-Mini-Tripod,-Black-(MTPIXI-B)','<div><ul><li>Mini tripod for Compact System Cameras</li><li>Comfortable handgrip to capture great videos</li><li>Push button locking mechanism for easy setup</li><li>Lightweight, intuitive to use and easy to carry</li><li>Attractive Italian design</li></ul></div>','<div>The Manfrotto PIXI is the perfect mini tripod for Compact System Cameras (CSC). It has been designed to satisfy the needs of those consumers that are looking for a support that is lightweight, portable and easy to use. The PIXI is great for achieving hard to get video shots while keeping your camera steady. Close the legs to use it as a comfortable grip to capture great videos that stand out from the crowd. The new push-button mechanism enables you to position and lock the ball head in one rapid, intuitive movement. Pushing the button releases the ball joint to move freely. When the button is released, the ball is locked automatically in the selected position. PIXI has a minimal Italian style and is manufactured from stainless steel and Adaptor for high quality and a tactile finish. With this solid construction, it provides a secure base in every situation and the rubber feet guarantee a stable and slip-free purchase on any surface. DSLR Compatibility Thanks to the universal 1/4\" screw thread and the excellent stability, PIXI can be used with a huge variety of digital devices; the iPhone (with KLYP), compact cameras, CSC\'s and even entry level DSLR\'s. PIXI has been developed for entry level DSLRs fitting these basic requirements: Body: maximum weight of 650g/1.4lbs Focal length: maximum 85mm (standard non professional lens) Total equipment payload: maximum 1kg/2.2lbs. Please consider that any semi-professional and professional equipment exceeds these requirements. SPECIFICATIONS: Attachment (Top) 1/4\" screw attachment type Color black color Front Tilt -35° / +35° tilt range Material Adaptor + stainless steel Panoramic Rotation 360 degrees. Closed Length 7.28 in Load Capacity 2.2 lbs . Features maximum working temperature of around 60 degree celsius and with a minimum working temperature of -30 degree celsius<br></div>','2020-01-10 10:28:30.000000','2020-09-30 16:35:48.000000',_binary '',_binary '',1,15,19.95,0,8,4,4,'1.2',20,19,0,0),(55,'Nulaxy A4 Cell Phone Stand, Fully Foldable, Adjustable Desktop Phone Holder Cradle Dock','Nulaxy-A4-Cell-Phone-Stand,-Fully-Foldable,-Adjustable-Desktop-Phone-Holder-Cradle-Dock','<div>Compatible with Phone 11 Pro Xs Xs Max Xr X 8, iPad mini, Nintendo Switch, Tablets (7-10\"), All Phones<br></div>','<div><div>UNIVERSAL COMPATIBILITY: This phone stand works with all 4-10\" Smartphones Tablets and e-readers, such as iPhone 11 Pro Xs Xs Max Xr X 8 7 6, Switch, iPad mini, Samsung Galaxy S10 /S10+/S9 /S9+/S8 /S8+, Samsung Tab, Google Nexus, Kindle.</div><div>ADJUSTABLE &amp; PORTABLE: The phone cradle is fully collapsible, it can be easily adjusted to ideal position, free your hands, which is a good desk accessories while watching video, playing games, making phone call, viewing recipes, using Facetime.</div><div>STURDY &amp; PROTECTIVE: The cell phone stand is made of high quality premium aluminum, it stays firmly in place, hold your phone steadily, no worry any wobble at all. The rubber pads can protect your phone from any scratching and sliding.</div><div>CASE FRIENDLY: The hook width of the stand is 19mm, no need to remove your phone case, which is long enough to hold your device with HEAVY CASE on, please make sure the thickness of your device is no more than 19mm (0.59\").</div><div>WARM TIPS: Please set your device(4\"-6\") in landscape or portrait mode, and set the device (6\"-10\") in landscape mode, which will provide more stability.</div></div>','2020-01-10 10:28:30.000000','2020-09-30 16:59:00.000000',_binary '',_binary '',1,9,12.99,0,4,4,4.5,'0.33',32,19,0,0),(68,'HP Chromebook 14-Inch HD Laptop, Intel Celeron N4000, 4 GB RAM, 32 GB eMMC, Chrome (14a-na0020nr, Ceramic White)','HP-Chromebook-14-Inch-HD-Laptop','<div><ul><li>Type of product: Chromebook</li><li>Voice command: Keyboard</li><li>Operating System: Chrome OS</li></ul></div>','<div><div>Google play store: The millions of Android apps you know and love on your phone and tablet can now run on your Chrome device without compromising their speed, simplicity or security</div><div>Sleek, responsive design: Keep going comfortably with the backlit keyboard and multi-touch touchpad that supports four finger gestures set in a sleek design for moving from room to room or on the road</div><div>Binge watch while you work: Equipped with an Intel(R) processor, 14\" display, stereo speakers tuned by audio experts at B&amp;O and a long battery life to get more done while having fun</div><div>Environmentally conscious: Low halogen, mercury-free display backlights, arsenic-free display glass in this Energy Star(R) certified, EPEAT(R) Silver registered Chromebook</div><div>Dual-core Intel(R) processor: Intel(R) Celeron(R) N4000, Dual-Core, 1.1 GHz base frequency, up to 2.6 GHz burst frequency</div><div>Display: 14.0-inch diagonal HD SVA anti-glare micro-edge WLED-backlit display (1366 x 768); 82% screen to body ratio</div><div>Memory &amp; storage: 4 GB LPDDR4-2400 SDRAM (not upgradable) and 32 GB eMMC</div></div>','2020-01-10 10:28:30.000000','2020-10-02 11:18:44.000000',_binary '',_binary '',1,279,349.99,0,15,9,1.5,'4',4,6,0,0),(74,'Samsung Galaxy Tab A 8.0\" 32 GB Wifi Android 9.0 Pie Tablet Black (2019) - SM-T290NZKAXAR','Samsung-Galaxy-Tab-A-8.0','<div><div><ul><li><span style=\"font-size: 1rem;\">Wireless Communication Technology: Bluetooth, Wi-Fi</span></li><li>Operating System: Android</li><li>Other camera features: Rear, Front</li><li>Color: Black</li></ul></div></div><div><br></div>','<div><div>Sleek and powerful, the new Galaxy Tab A 8.0\" Lets you browse, watch your favorite shows and movies, play games, and get things done on a tablet that\'s light and comfortable in your hands. With a long-lasting battery and expandable memory, The Galaxy Tab A 8.0\" is built to keep up with you.</div><div><br></div><div>Minimum bezel; Maximum view: Designed with a minimized bezel, giving you more room to view your favorite content in a slim, comfortable form; The premium metallic finish and lightweight design make it easy to use around the house or on the go</div><div>Entertainment ready: An 8.0 inches display immerses you in content, and dual speakers deliver spacious surround sound</div><div>Binge ready Battery: Browse, watch or shop for up to 13 hours on a full charge</div><div>Room for everything: Keep your favorite songs, photos or videos, thanks to 32GB of built in memory; Plus expand your storage up to 512GB anytime with a Micro SD card</div></div>','2020-01-10 10:28:30.000000','2020-10-02 11:41:16.000000',_binary '',_binary '',1,0,149.99,21,9,5.5,0.5,'1.3',10,7,0,0),(75,'Samsung Galaxy Tab S6 Lite 10.4\", 64GB WiFi Tablet Oxford Gray - SM-P610NZAAXAR - S Pen Included','Samsung-Galaxy-Tab-S6-Lite-10.4','<div><ul><li><span style=\"font-size: 1rem;\">Wireless Communication Technology: Bluetooth, Wi-Fi, GPS</span></li><li>Operating System: Android</li><li>Other camera features: Rear, Front</li><li>RAM Installed Size: 4 GB</li></ul></div>','<div><div>The included S Pen makes it easier than ever to write notes and personalize photos and videos, all without needing to charge. The S Pen attaches magnetically right to your tablet so you can quickly put it down and pick it back up without losing it.</div><div>Slim Metal Design: Take this sleek, lightweight tablet anywhere. Its slim design slips right into your bag and comes in your choice of stylish colors.</div><div>Entertainment Ready: A vivid, crystal clear display draws you into content while dual speakers with sound by AKG supply spacious, Dolby Atmos surround sound.</div><div>Long-lasting Battery: A long-lasting battery lets you stream for up to 13 hours (Battery power consumption depends on usage patterns. Results may vary) on a single charge. The fast-charging USB-C port allows you to quickly get back to where you left off when you need to recharge.</div><div>Expandable Memory: Store all of your content with built-in 64/128GB internal memory. Expand your storage space anytime up to 1TB with a microSD card. (Sold separately. Portion of internal memory occupied by existing content).</div></div>','2020-01-10 10:28:30.000000','2020-10-02 11:44:23.000000',_binary '',_binary '',1,0,349.99,6,0,0,0,'0',10,7,0,0),(79,'Apple iPad 6 with WiFi, 128GB, Space Gray (2018 Model) (Renewed)','Apple-iPad-6-with-WiFi,-128GB,-Space-Gray-(2018-Model)-(Renewed)','<div><ul><li>Brand: Apple</li><li>Wireless Communication Technology: Bluetooth, Wi-Fi</li><li>Operating System: IOS</li><li>Other camera features: Rear, Front</li><li>RAM Installed Size: 128 GB</li></ul></div>','<div><div>This iPad 6 is Certified Refurbished. It is 100% functional and in near perfect cosmetic condition with the possibility of a few light hair marks. This item will NOT come in its original packaging but will include a certified cable and UL approved power adapter. Headsets, SIM card and manual are NOT included. This iPad 6 is only compatible with WiFi. It is NOT enabled for ANY cellular network.</div><div>9.7\" Multi-Touch Retina Display 2048 x 1536 Screen Resolution (264 ppi)</div><div>Apple A10 Fusion SoC and M10 Coprocessor 4G LTE | 802.11ac Wi-Fi | Bluetooth 4.10</div><div>Front 1.2MP FaceTime HD Camera Rear 8MP Camera</div><div>Apple Pencil Support Night Shift | Touch ID Sensor</div></div>','2020-01-10 10:28:30.000000','2020-10-02 11:58:16.000000',_binary '',_binary '',1,323,410.96,11,11,7,2,'1.2',9,7,0,0),(86,'Western Digital 1TB WD Blue PC Hard Drive - 7200 RPM Class, SATA 6 Gb/s, , 64 MB Cache, 3.5\" - WD10EZEX','Western-Digital-1TB-WD-Blue-PC-Hard-Drive','<div><ul><li>Digital Storage Capacity: 1 TB</li><li>Hardware Interface: SATA 6.0 Gb/s</li><li>Type of product: 3.5-Inch</li></ul></div>','<div><div>WD Blue internal hard drives deliver reliability for office and web applications. They are ideal for use as primary drives in desktop PCs and for office applications. With a range of capacities and cache sizes, there’s a WD Blue internal hard drive that’s just right for you.</div><div>Reliable everyday computing</div><div>WD quality and reliability</div><div>Free Acronis True Image WD Edition cloning software</div><div>Massive capacities up to 6 TB available</div><div>2-year manufacturer\'s limited warranty</div></div>','2020-01-10 10:28:30.000000','2020-10-03 16:05:25.000000',_binary '',_binary '',1,0,44.84,0,6.2,4.5,1.5,'1',6,24,0,0),(87,'Western Digital 4TB WD Black Performance Internal Hard Drive - 7200 RPM Class, SATA 6 Gb/s, 256 MB Cache, 3.5\" - WD4005FZBX','Western-Digital-4TB-WD-Black-Performance-Internal-Hard-Drive','<div><ul><li>Digital Storage Capacity: 4 TB</li><li>Hardware Interface: SATA 6.0 Gb/s</li><li>Type of product: 3.5 Inches</li></ul></div>','<div><div>WD Black performance storage is designed to enhance your PC experience across heavier computing tasks whether you are a digital artist, video editor, photographer, or gamer. Available with an impressive 256 MB of DRAM cache on higher capacity models, the WD Black drive is optimized for drive performance so you can spend more time experiencing the things you love most. Enhance your PC’s performance even further when you combine a WD Black drive with an SSD for a dual drive configuration, allowing you to benefit from the additional caching of your operating system onto the SSD for increased performance. All together, the WD Black drive gives you the hard drive performance, capacity and an industry leading 5-year limited warranty for an inspiring three-in-one storage solution.</div><div>Desktop performance hard drive</div><div>Performance storage available in up to 6TB capacities</div><div>2X DRAM cache up to 256 MB for faster read operations</div><div>Designed for creative professionals, gamers and system builders</div><div>5-year manufacturer\'s limited warranty</div><div>Note: Compatibility PC, Mac (Requires reformatting)</div></div>','2020-01-10 10:28:30.000000','2020-10-03 16:08:22.000000',_binary '',_binary '',1,0,189.99,21,0,0,0,'0',6,24,0,0),(90,'LG WH16NS40 Super Multi Blue Internal SATA 16x Blu-ray Disc Rewriter','LG-WH16NS40-Super-Multi-Blue-Internal-SATA-16x-Blu-ray-Disc-Rewriter','<div>Blu-Ray Disc, DVD and CD Family Read/Write Compatible, Write and Read Quad, Triple, Double Layer BD-R Discs<br></div>','<div><div>Drive type Internal 16X Blu-ray Disc Rewriter, M-DISC Support. Access time : BD-ROM is 180 ms typ</div><div>Interface: SATA (SATA 1.1a), Buffer Memory: 4 MB</div><div>Operating System - Windows XP, Windows Vista, Windows 7, Windows 8</div><div>Blu-Ray Disc, DVD and CD Family Read/Write Compatible, Write and Read Quad, Triple, Double Layer BD-R Discs</div><div>Sustained Rate: BD-ROM: 575.44 Mb/s (16x) max, DVD-ROM: 22.16 Mb/s (16x) max, CD-ROM: 7,200 Kb/s (48x) max</div></div>','2020-01-10 10:28:30.000000','2020-10-04 10:32:50.000000',_binary '',_binary '',1,0,87.04,23,0,0,0,'0',22,25,0,0),(91,'LG Electronics 14x SATA Blu-ray Internal Rewriter without Software, Black (WH14NS40)','LG-Electronics-14x-SATA-Blu-ray-Internal-Rewriter-without-Software,-Black-(WH14NS40)','<div><ul><li>Max 14x BD-R Writing Speed.</li><li>Supports BDXL (128GB) Discs.</li><li>3D Blu-ray Title Playback &amp; M-Disc Support.</li><li>SATA Interface.</li></ul></div>','<div><div>Drive Type: Super-Multi Internal SATA Blu-ray Disc Rewriter</div><div>BD-R SL/DL: 14X/12XDVD-R SL/DL: 16X/8XDVD+R SL/DL: 16X/8X</div><div>CD-RW: 24X</div><div>Buffer Memory: 4MB</div><div>Operating System: Windows XP, Windows Vista, Windows 7</div></div>','2020-01-10 10:28:30.000000','2020-10-04 10:34:45.000000',_binary '',_binary '',1,0,57.94,0,0,0,0,'0',22,25,0,0),(95,'Western Digital 500GB WD Blue 3D NAND Internal PC SSD - SATA III 6 Gb/s, 2.5\"/7mm, Up to 560 MB/s - WDS500G2B0A','Western-Digital-500GB-WD-Blue-3D-NAND-Internal-PC-SSD','<div><ul><li>Compatible Devices: Mac, PC</li><li>Brand: Western Digital</li><li>Digital Storage Capacity: 560 MB</li><li>Hardware Interface: SATA 6.0 Gb/s</li><li>Type of product: 2.5-inch</li></ul></div>','<div><div>Sequential read speeds up to 560MB/s and sequential write speeds up to 530MB/seconds; As used for transfer rate or interface, megabyte per second (MB/s) = one million bytes per second and gigabit per second (Gb/s) = one billion bits per second</div><div>An industryleading 1.75M hrs mean time to failure (MTTF) and up to 500 TBs written (TBW) for enhanced reliability; MTTF based on internal testing using Telcordia stress part testing; TBW calculated using Jedec client workload (JESD219)</div><div>WD F.I.T. Lab certification for compatibility with a wide range of computers</div><div>5 year manufacturer\'s limited warranty</div><div>Free downloadable software to monitor the status of your drive and clone a drive, or backup your data</div><div>An active power draw up to 25% lower than previous generations of WD Blue SSD</div></div>','2020-01-10 10:28:30.000000','2020-10-04 10:54:32.000000',_binary '',_binary '',1,50,99.99,40,4,3,1,'1',6,27,0,0),(107,'iphone','iphone','<div>used for studen</div>','<div>used for student</div>','2020-01-10 10:28:30.000000','2023-05-17 01:29:37.454000',_binary '',_binary '',120,150,1,0,0,0,0,'PASSPORTPHOTOS.jpg',7,37,0,0);
/*!40000 ALTER TABLE `products` ENABLE KEYS */;
UNLOCK TABLES;

--
-- Table structure for table `reviews`
--

DROP TABLE IF EXISTS `reviews`;
/*!40101 SET @saved_cs_client     = @@character_set_client */;
/*!50503 SET character_set_client = utf8mb4 */;
CREATE TABLE `reviews` (
  `id` int NOT NULL AUTO_INCREMENT,
  `comment` varchar(300) NOT NULL,
  `headline` varchar(128) NOT NULL,
  `rating` int NOT NULL,
  `review_time` datetime(6) NOT NULL,
  `votes` int NOT NULL,
  `customer_id` int DEFAULT NULL,
  `product_id` int DEFAULT NULL,
  PRIMARY KEY (`id`),
  KEY `FK4sm0k8kw740iyuex3vwwv1etu` (`customer_id`),
  KEY `FKpl51cejpw4gy5swfar8br9ngi` (`product_id`),
  CONSTRAINT `FK4sm0k8kw740iyuex3vwwv1etu` FOREIGN KEY (`customer_id`) REFERENCES `customers` (`id`),
  CONSTRAINT `FKpl51cejpw4gy5swfar8br9ngi` FOREIGN KEY (`product_id`) REFERENCES `products` (`id`)
) ENGINE=InnoDB DEFAULT CHARSET=utf8mb4 COLLATE=utf8mb4_0900_ai_ci;
/*!40101 SET character_set_client = @saved_cs_client */;

--
-- Dumping data for table `reviews`
--

LOCK TABLES `reviews` WRITE;
/*!40000 ALTER TABLE `reviews` DISABLE KEYS */;
/*!40000 ALTER TABLE `reviews` ENABLE KEYS */;
UNLOCK TABLES;

--
-- Table structure for table `reviews_votes`
--

DROP TABLE IF EXISTS `reviews_votes`;
/*!40101 SET @saved_cs_client     = @@character_set_client */;
/*!50503 SET character_set_client = utf8mb4 */;
CREATE TABLE `reviews_votes` (
  `id` int NOT NULL AUTO_INCREMENT,
  `votes` int NOT NULL,
  `customer_id` int DEFAULT NULL,
  `review_id` int DEFAULT NULL,
  PRIMARY KEY (`id`),
  KEY `FKckuygkph4k9llo624gn30lxvy` (`customer_id`),
  KEY `FKosupda11xqkvo80r77evmwrey` (`review_id`),
  CONSTRAINT `FKckuygkph4k9llo624gn30lxvy` FOREIGN KEY (`customer_id`) REFERENCES `customers` (`id`),
  CONSTRAINT `FKosupda11xqkvo80r77evmwrey` FOREIGN KEY (`review_id`) REFERENCES `reviews` (`id`)
) ENGINE=InnoDB DEFAULT CHARSET=utf8mb4 COLLATE=utf8mb4_0900_ai_ci;
/*!40101 SET character_set_client = @saved_cs_client */;

--
-- Dumping data for table `reviews_votes`
--

LOCK TABLES `reviews_votes` WRITE;
/*!40000 ALTER TABLE `reviews_votes` DISABLE KEYS */;
/*!40000 ALTER TABLE `reviews_votes` ENABLE KEYS */;
UNLOCK TABLES;

--
-- Table structure for table `roles`
--

DROP TABLE IF EXISTS `roles`;
/*!40101 SET @saved_cs_client     = @@character_set_client */;
/*!50503 SET character_set_client = utf8mb4 */;
CREATE TABLE `roles` (
  `id` int NOT NULL AUTO_INCREMENT,
  `name` varchar(40) NOT NULL,
  `description` varchar(150) NOT NULL,
  PRIMARY KEY (`id`),
  UNIQUE KEY `UK_ofx66keruapi6vyqpv6f2or37` (`name`)
) ENGINE=InnoDB AUTO_INCREMENT=6 DEFAULT CHARSET=utf8mb4 COLLATE=utf8mb4_0900_ai_ci;
/*!40101 SET character_set_client = @saved_cs_client */;

--
-- Dumping data for table `roles`
--

LOCK TABLES `roles` WRITE;
/*!40000 ALTER TABLE `roles` DISABLE KEYS */;
INSERT INTO `roles` VALUES (1,'Admin','manage everything'),(2,'Salesperson','manage product price, customers, shipping, orders and sales report'),(3,'Editor','manage categories, brands, products, articles and menus'),(4,'Shipper','view products, view orders and update order status'),(5,'Assistant','manage questions and reviews');
/*!40000 ALTER TABLE `roles` ENABLE KEYS */;
UNLOCK TABLES;

--
-- Table structure for table `settings`
--

DROP TABLE IF EXISTS `settings`;
/*!40101 SET @saved_cs_client     = @@character_set_client */;
/*!50503 SET character_set_client = utf8mb4 */;
CREATE TABLE `settings` (
  `key` varchar(128) NOT NULL,
  `category` varchar(45) NOT NULL,
  `value` varchar(1024) NOT NULL,
  PRIMARY KEY (`key`)
) ENGINE=InnoDB DEFAULT CHARSET=utf8mb4 COLLATE=utf8mb4_0900_ai_ci;
/*!40101 SET character_set_client = @saved_cs_client */;

--
-- Dumping data for table `settings`
--

LOCK TABLES `settings` WRITE;
/*!40000 ALTER TABLE `settings` DISABLE KEYS */;
/*!40000 ALTER TABLE `settings` ENABLE KEYS */;
UNLOCK TABLES;

--
-- Table structure for table `shipping_rates`
--

DROP TABLE IF EXISTS `shipping_rates`;
/*!40101 SET @saved_cs_client     = @@character_set_client */;
/*!50503 SET character_set_client = utf8mb4 */;
CREATE TABLE `shipping_rates` (
  `id` int NOT NULL AUTO_INCREMENT,
  `cod_supported` bit(1) DEFAULT NULL,
  `days` int NOT NULL,
  `rate` float NOT NULL,
  `state` varchar(45) NOT NULL,
  `country_id` int DEFAULT NULL,
  PRIMARY KEY (`id`),
  KEY `FKef7sfgeybt3xn13nlt2j6sljw` (`country_id`),
  CONSTRAINT `FKef7sfgeybt3xn13nlt2j6sljw` FOREIGN KEY (`country_id`) REFERENCES `countries` (`id`)
) ENGINE=InnoDB AUTO_INCREMENT=31 DEFAULT CHARSET=utf8mb4 COLLATE=utf8mb4_0900_ai_ci;
/*!40101 SET character_set_client = @saved_cs_client */;

--
-- Dumping data for table `shipping_rates`
--

LOCK TABLES `shipping_rates` WRITE;
/*!40000 ALTER TABLE `shipping_rates` DISABLE KEYS */;
INSERT INTO `shipping_rates` VALUES (2,_binary '',0,10,'7',1),(3,_binary '',0,12,'6',0),(5,_binary '',0,3.98,'2',1),(6,_binary '',0,11.56,'6',0),(7,_binary '',0,3.93,'2',0),(8,_binary '',0,4.12,'2',0),(9,_binary '',0,4.21,'3',0),(10,_binary '',0,3.52,'1',1),(11,_binary '',0,8.22,'5',0),(12,_binary '',0,8.69,'5',1),(13,_binary '',0,8.1,'4',0),(14,_binary '',0,7.89,'3',0),(15,_binary '',0,8.25,'4',0),(16,_binary '',0,7.72,'4',0),(17,_binary '',0,0.5,'1',1),(18,_binary '',0,11.5,'8',0),(19,_binary '',0,9.88,'6',1),(20,_binary '',0,8.45,'5',1),(21,_binary '',0,8.88,'5',1),(22,_binary '',0,7.78,'6',1),(23,_binary '',0,8.12,'6',1),(24,_binary '',0,12,'8',1),(25,_binary '',0,11.85,'7',1),(26,_binary '',0,4.99,'5',1),(27,_binary '',0,3.33,'3',1),(28,_binary '',0,9.88,'7',1),(29,_binary '',0,4.57,'6',1),(30,_binary '',0,13,'9',1);
/*!40000 ALTER TABLE `shipping_rates` ENABLE KEYS */;
UNLOCK TABLES;

--
-- Table structure for table `states`
--

DROP TABLE IF EXISTS `states`;
/*!40101 SET @saved_cs_client     = @@character_set_client */;
/*!50503 SET character_set_client = utf8mb4 */;
CREATE TABLE `states` (
  `id` int NOT NULL AUTO_INCREMENT,
  `name` varchar(45) NOT NULL,
  `country_id` int DEFAULT NULL,
  PRIMARY KEY (`id`),
  KEY `FKskkdphjml9vjlrqn4m5hi251y` (`country_id`),
  CONSTRAINT `FKskkdphjml9vjlrqn4m5hi251y` FOREIGN KEY (`country_id`) REFERENCES `countries` (`id`)
) ENGINE=InnoDB AUTO_INCREMENT=307 DEFAULT CHARSET=utf8mb4 COLLATE=utf8mb4_0900_ai_ci;
/*!40101 SET character_set_client = @saved_cs_client */;

--
-- Dumping data for table `states`
--

LOCK TABLES `states` WRITE;
/*!40000 ALTER TABLE `states` DISABLE KEYS */;
INSERT INTO `states` VALUES (1,'Ha Noi',242),(2,'Da Nang',242),(3,'New York',234),(4,'California',234),(5,'Ho Chi Minh City',242),(6,'Hai Phong',242),(7,'Bac Giang',242),(8,'Son La',242),(9,'Quang Ninh',242),(10,'Nghe An',242),(12,'Utah',234),(13,'Washington',234),(14,'Florida',234),(15,'Illinois',234),(16,'Texas',234),(18,'Colorado',234),(19,'Alaska',234),(20,'Can Tho',242),(22,'Binh Duong',242),(23,'Thanh Hoa',242),(24,'Andhra Pradesh',106),(25,'Arunachal Pradesh',106),(26,'Assam',106),(27,'Bihar',106),(28,'Haryana',106),(29,'Himacha Pradesh',106),(30,'Karnataka',106),(31,'Maharashtra',106),(32,'Meghalaya',106),(33,'Punjab',106),(34,'Tamil Nadu',106),(35,'Telangana',106),(36,'Uttar Pradesh',106),(37,'West Bengal',106),(38,'Bac Ninh',242),(40,'Ha Tinh',242),(41,'Hue',242),(42,'Binh Dinh',242),(43,'An Giang',242),(44,'Blackpool',78),(45,'London',78),(46,'Liverpool',78),(47,'Manchester',78),(48,'Newcastle',78),(49,'Bristol',78),(50,'Cambridge',78),(51,'Lang Son',242),(52,'Delhi',106),(53,'Hawaii',234),(54,'Georgia',234),(55,'Pennsylvania',234),(56,'Virginia',234),(57,'Arizona',234),(59,'Kerala',106),(60,'Rajasthan',106),(61,'Odisha',106),(62,'Mizoram',106),(63,'Sikkim',106),(64,'Manipur',106),(65,'Nagaland',106),(66,'Tripura',106),(67,'Jharkhand',106),(68,'Uttarakhand',106),(69,'Goa',106),(70,'Madhya Pradesh',106),(71,'Gujarat',106),(72,'Massachusetts',234),(73,'Indiana',234),(74,'Michigan',234),(75,'Ohio',234),(76,'New Jersey',234),(77,'Minnesota',234),(78,'North Carolina',234),(79,'Oregon',234),(80,'Maryland',234),(81,'Tennessee',234),(82,'Montana',234),(83,'Maine',234),(84,'Alabama',234),(85,'Wisconsin',234),(86,'Louisiana',234),(87,'Connecticut',234),(88,'Missouri',234),(89,'South Carolina',234),(90,'Mississippi',234),(91,'New Mexico',234),(92,'Nevada',234),(93,'Kentucky',234),(94,'Arkansas',234),(95,'Wyoming',234),(96,'Kansas',234),(97,'Delaware',234),(98,'Iowa',234),(99,'Idaho',234),(100,'Nebraska',234),(101,'Rhode Island',234),(102,'Vermont',234),(103,'South Dakota',234),(104,'New Hamsphire',234),(105,'West Virginia',234),(106,'North Dakota',234),(107,'Oklahoma',234),(109,'Nam Dinh',242),(110,'Khanh Hoa',242),(112,'Tay Ninh',242),(113,'Kien Giang',242),(114,'Lai Chau',242),(115,'Lao Cai',242),(116,'Ha Giang',242),(117,'Hoa Binh',242),(118,'Thai Binh',242),(119,'Dong Nai',242),(120,'Soc Trang',242),(121,'Bac Lieu',242),(123,'Ca Mau',242),(124,'Quang Binh',242),(125,'Quang Tri',242),(126,'Quang Nam',242),(127,'Quang Ngai',242),(128,'Gia Lai',242),(129,'Vinh Phuc',242),(130,'Lam Dong',242),(131,'Dak Lak',242),(132,'Phu Yen',242),(133,'Binh Phuoc',242),(134,'Dak Nong',242),(135,'Dong Thap',242),(136,'Hau Giang',242),(137,'Ba Ria Vung Tau',242),(138,'Binh Thuan',242),(139,'Hai Duong',242),(140,'Hung Yen',242),(141,'Thai Nguyen',242),(142,'Long An',242),(143,'Ben Tre',242),(144,'Bac Kan',242),(145,'Ninh Binh',242),(146,'Kon Tum',242),(147,'Tra Vinh',242),(148,'Yen Bai',242),(149,'Tuyen Quang',242),(150,'Phu Tho',242),(151,'Vinh Long',242),(152,'New South Wales',14),(153,'Queensland',14),(154,'Tasmania',14),(155,'Western Australia',14),(156,'Victoria',14),(157,'South Australia',14),(158,'Ontario',39),(159,'Quebec',39),(160,'Nova Scotia',39),(161,'New Brunswick',39),(162,'Manitoba',39),(163,'British Columbia',39),(164,'Prince Edward Island',39),(165,'Saskatchewan',39),(166,'Alberta',39),(167,'Newfoundland and Labrador',39),(168,'Grand Est',76),(169,'Hauts-de-France',76),(170,'Normandy',76),(171,'Nouvelle-Aquitaine',76),(172,'Occitanie',76),(173,'Brittany',76),(174,'Centre-Val de Loire',76),(175,'Corsica',76),(176,'French Guiana',76),(177,'Guadeloupe',76),(178,'Île-de-France',76),(179,'Martinique',76),(180,'Mayotte',76),(181,'Pays de la Loire',76),(182,'Provence-Alpes-Côte d\'Azur',76),(183,'Réunion',76),(184,'Aichi',115),(185,'Akita',115),(186,'Chiba',115),(187,'Ehime',115),(188,'Fukui',115),(189,'Fukuoka',115),(190,'Fukushima',115),(191,'Gunma',115),(192,'Kobe',115),(193,'Hiroshima',115),(194,'Hokkaido',115),(195,'Ishikawa',115),(196,'Kagawa',115),(197,'Kochi',115),(198,'Kyoto',115),(199,'Nagasaki',115),(200,'Okinawa',115),(201,'Osaka',115),(202,'Saga',115),(203,'Tokushima',115),(204,'Tokyo',115),(205,'Yamagata',115),(206,'Yamaguchi',115),(207,'Yamanashi',115),(208,'Greater Poland',180),(209,'Kuyavia-Pomerania',180),(210,'Lesser Poland',180),(211,'Łódź',180),(212,'Lower Silesia',180),(213,'Lublin',180),(214,'Lubusz',180),(215,'Masovia',180),(216,'Opole',180),(217,'Podlaskie',180),(218,'Pomerania',180),(219,'Silesia',180),(220,'Subcarpathia',180),(221,'Holy Cross Province',180),(222,'Warmia-Masuria',180),(223,'West Pomerania',180),(224,'Baden-Württemberg',58),(225,'Bavaria',58),(226,'Berlin',58),(227,'Brandenburg',58),(228,'Bremen',58),(229,'Hamburg',58),(230,'Hesse',58),(231,'Lower Saxony',58),(232,'Mecklenburg-Vorpommern',58),(233,'North Rhine- Westphalia',58),(234,'Rhineland-Palatinate',58),(235,'Saarland',58),(236,'Saxony',58),(237,'Saxony-Anhalt',58),(238,'Schleswig-Holstein',58),(239,'Thuringia',58),(240,'Acre',32),(241,'Alagoas',32),(242,'Amapá',32),(243,'Amazonas',32),(244,'Bahia',32),(245,'Ceará',32),(246,'Distrito Federal',32),(247,'Espírito Santo',32),(248,'Goiás',32),(249,'Maranhão',32),(250,'Mato Grosso',32),(251,'Minas Gerais',32),(252,'Pará',32),(253,'Paraíba',32),(254,'Paraná',32),(255,'Pernambuco',32),(256,'Piauí',32),(257,'Rio de Janeiro',32),(258,'Rio Grande do Norte',32),(259,'Rio Grande do Sul',32),(260,'Rondônia',32),(261,'Roraima',32),(262,'Santa Catarina',32),(263,'São Paulo',32),(264,'Sergipe',32),(265,'Tocantins',32),(266,'Adana',226),(267,'Adıyaman',226),(268,'Ankara',226),(269,'Balıkesir',226),(270,'Bilecik',226),(271,'Bingöl',226),(272,'Bursa',226),(273,'Çanakkale',226),(274,'Çankırı',226),(275,'Çorum',226),(276,'Denizli',226),(277,'Diyarbakır',226),(278,'Edirne',226),(279,'Erzurum',226),(280,'Gaziantep',226),(281,'Giresun',226),(282,'Hakkâri',226),(283,'Hatay',226),(284,'Isparta',226),(285,'Istanbul',226),(286,'Konya',226),(287,'Malatya',226),(288,'Manisa',226),(289,'Iğdır',226),(290,'Karaman',226),(291,'Osmaniye',226),(292,'Tokat',226),(293,'Sivas',226),(294,'Sinop',226),(295,'Siirt',226),(296,'Batman',226),(297,'Kilis',226),(298,'Rize',226),(299,'Ordu',226),(300,'Tunceli',226),(301,'Yozgat',226),(302,'Van',226),(303,'Bayburt',226),(304,'Yalova',226),(305,'Samsun',226),(306,'Sakarya',226);
/*!40000 ALTER TABLE `states` ENABLE KEYS */;
UNLOCK TABLES;

--
-- Table structure for table `users`
--

DROP TABLE IF EXISTS `users`;
/*!40101 SET @saved_cs_client     = @@character_set_client */;
/*!50503 SET character_set_client = utf8mb4 */;
CREATE TABLE `users` (
  `id` int NOT NULL AUTO_INCREMENT,
  `email` varchar(128) NOT NULL,
  `enabled` bit(1) NOT NULL,
  `first_name` varchar(45) NOT NULL,
  `last_name` varchar(45) NOT NULL,
  `password` varchar(64) NOT NULL,
  `photos` varchar(64) DEFAULT NULL,
  PRIMARY KEY (`id`),
  UNIQUE KEY `UK_6dotkott2kjsp8vw4d0m25fb7` (`email`)
) ENGINE=InnoDB AUTO_INCREMENT=24 DEFAULT CHARSET=utf8mb4 COLLATE=utf8mb4_0900_ai_ci;
/*!40101 SET character_set_client = @saved_cs_client */;

--
-- Dumping data for table `users`
--

LOCK TABLES `users` WRITE;
/*!40000 ALTER TABLE `users` DISABLE KEYS */;
INSERT INTO `users` VALUES (1,'nam@codejava.net',_binary '','Nam','Ha Minh','$2a$10$bDqskP9Z/y6BIZnFLgJ8HuwMYaZXD9w2jVk2pYHXgn1k6N4nckleu','namhm.png'),(2,'kanna.allada@gmail.com',_binary '','Allada','Pavan','$2a$10$zRa/rmQ8JarpYG2bNKftyelKnsUhsHwGB.xmCKTWJClsB7O9wzTnG','Allada Pavan.png'),(3,'aecllc.bnk@gmail.com',_binary '\0','Bruce','Kitchell','$2a$10$GINThwCjVZAbGnmOe9BIeuDuvDlyfuwZrg/Rsmrjs1Lsq2pnXtO/S','Bruce Kitchell.png'),(4,'muhammad.evran13@gmail.com',_binary '','Muhammad','Evran','$2a$10$UcHWHC72azPVZJb5Ky.Yy.X695WGf1ZkkGMS3WL3B9WqWf2dQD04G','Muhammad Evran.png'),(5,'kent.hervey8@gmail.com',_binary '','Kent','Hervey','$2a$10$YHXRsZ07/Btv.qCgGht.7u2PW.GLWzpVB7eabfgH1mhTVVXffDT6K','KentHervey.png'),(6,'alfredephraim26@gmail.com',_binary '\0','Alfred','Ephraim','$2a$10$1jl3q3r/Fh9ZBv6ziM4XhuxCi2GMFWcfHUrxsesXAEwnsiV/NJKbq','Alfred.png'),(7,'nathihsa@gmail.com',_binary '','Nathi','Sangweni','$2a$10$WyHmQiXCSYuHcGeg8eFWvOScqzSgg88MmqpajPdzSkLsvZjT3tKC.','Nathi_Sangweni.png'),(8,'ammanollashirisha2020@gmail.com',_binary '','Ammanolla','Shirisha','$2a$10$N1eE87eXFB2XQ5nmWKaTXOofnrPn8koeNvZhEpleJzO49i55e/Vk.','Ammanolla.png'),(9,'bfeeny238@hotmail.com',_binary '','Bill','Feeny','$2a$10$3sH0v..zpjwA8ux5/q.OAeu0HgmSdMj8VzMWzhwwBDkE8wOISsUyi','Bill Feeny.png'),(10,'redsantosph@gmail.com',_binary '','Frederick','delos Santos','$2a$10$KXHmKpE6YB/0sjiy3fkMv.muKyxqvOXE6jVeaPu8KEaExx62ZmmNe','Frederick Santos.png'),(11,'ro_anamaria@mail.ru',_binary '','Ana','Maria','$2a$10$sz0CHOHAY1Xjt2ajIZgnG.L2KBQ4SsQkOGsPYue.C5gr6j.KMDdqS','Anna Maria.jpg'),(12,'maytassatya@hotmail.com',_binary '\0','Satya','Narayana','$2a$10$R7EJcaYijjJo/IVk6c1CieBML2uP3RAKMVlCxylPAePlCfJsX7OOy','Satya Narayana.png'),(13,'matthewefoli@gmail.com',_binary '','Matthew','Efoli','$2a$10$ECNnxXSVArnwS9KCet3yguQ1qHKyBIhh2G8c4F9CYgvp/Hadl8OS6','Matthew.png'),(14,'davekumara2@gmail.com',_binary '','Dave','Kumar','$2a$10$5ebeZu18V5RheieYqpl/LORCN41E3H7yvxKqEwtq5Zq2JVw.E9dva','Dave Kumar.png'),(15,'jackkbruce@yahoo.com',_binary '','Jack','Bruce','$2a$10$a6iyIHRj8DNpu15obVHTSOGcLe4IfpBcD4iEEJesWaFpBQvRoF2da','Jack Bruce.png'),(16,'zirri.mohamed@gmail.com',_binary '','Mohamed','Zirri','$2a$10$TmvyH1AoyDqRmQ4uC8NAZOOV29CPEDGuxVsHLP1cJoHQGr78L4kjW','Mohamed Zirri.jpg'),(17,'mk.majumdar009@hotmail.com',_binary '\0','Mithun','Kumar Majumdar','$2a$10$Y6SEy2INN0Rk/vhLHHJUYO6IMqNW3Ar.jVe9o0W1lpBRX8xr2Itui','Mithun Kumar Majumdar.png'),(18,'aliraza.arain.28@gmail.com',_binary '','Ali','Raza','$2a$10$PISZ2KitSbhE4/Z3dtIGk.WUi2ILiDl4PzRUDEQSp5BJIxcdcPq4G','Ali Raza.png'),(19,'isaachenry2877@gmail.com',_binary '','Isaac','Henry','$2a$10$CtmhrOz/AhDoCpKbeYl8O.0ngCFMukcznNZq7.YcHrkRyKpBG8Zca','Isaac Henry.jpg'),(20,'s.stasovska82@hotmail.com',_binary '','Svetlana','Stasovska','$2a$10$fcN2cNa7vB.78QnmzfNZEeUBkrwUaM.bVK3iDB.KFQlR15DwL7QZy','Svetlana Stasovska.png'),(21,'mikegates2012@gmail.com',_binary '','Mike','Gates','$2a$10$zIO1tygsw6cB2ymiR.WX0ulr9NKdTlZHqu7w/W/LLwk8HhK7nVnH.','Mike Gates.png'),(22,'pedroquintero67@gmail.com',_binary '\0','Pedro','Quintero','$2a$10$UPX5EwZw0MyBvbe.7mxg2u8GOl/4KgaUU40iSjr1PLFYvhu35fMmu','Pedro Quintero.png'),(23,'amina.elshal2@yahoo.com',_binary '','Amina','Elshal','$2a$10$J1yoyqG5vWNe5N663PkgY.h53gfJtTR7Bb8E8u3sXdNbOZxhXgHu.','Amina Elshal.png');
/*!40000 ALTER TABLE `users` ENABLE KEYS */;
UNLOCK TABLES;

--
-- Table structure for table `users_roles`
--

DROP TABLE IF EXISTS `users_roles`;
/*!40101 SET @saved_cs_client     = @@character_set_client */;
/*!50503 SET character_set_client = utf8mb4 */;
CREATE TABLE `users_roles` (
  `user_id` int NOT NULL,
  `role_id` int NOT NULL,
  PRIMARY KEY (`user_id`,`role_id`),
  KEY `FKj6m8fwv7oqv74fcehir1a9ffy` (`role_id`),
  CONSTRAINT `FK2o0jvgh89lemvvo17cbqvdxaa` FOREIGN KEY (`user_id`) REFERENCES `users` (`id`),
  CONSTRAINT `FKj6m8fwv7oqv74fcehir1a9ffy` FOREIGN KEY (`role_id`) REFERENCES `roles` (`id`)
) ENGINE=InnoDB DEFAULT CHARSET=utf8mb4 COLLATE=utf8mb4_0900_ai_ci;
/*!40101 SET character_set_client = @saved_cs_client */;

--
-- Dumping data for table `users_roles`
--

LOCK TABLES `users_roles` WRITE;
/*!40000 ALTER TABLE `users_roles` DISABLE KEYS */;
INSERT INTO `users_roles` VALUES (1,1),(2,1),(3,2),(9,2),(10,2),(11,2),(12,2),(13,2),(19,2),(20,2),(4,3),(5,3),(6,3),(7,3),(8,3),(11,3),(15,3),(18,3),(20,3),(14,4),(15,4),(16,4),(17,4),(18,4),(5,5),(14,5),(19,5),(20,5),(21,5),(22,5),(23,5);
/*!40000 ALTER TABLE `users_roles` ENABLE KEYS */;
UNLOCK TABLES;
/*!40103 SET TIME_ZONE=@OLD_TIME_ZONE */;

/*!40101 SET SQL_MODE=@OLD_SQL_MODE */;
/*!40014 SET FOREIGN_KEY_CHECKS=@OLD_FOREIGN_KEY_CHECKS */;
/*!40014 SET UNIQUE_CHECKS=@OLD_UNIQUE_CHECKS */;
/*!40101 SET CHARACTER_SET_CLIENT=@OLD_CHARACTER_SET_CLIENT */;
/*!40101 SET CHARACTER_SET_RESULTS=@OLD_CHARACTER_SET_RESULTS */;
/*!40101 SET COLLATION_CONNECTION=@OLD_COLLATION_CONNECTION */;
/*!40111 SET SQL_NOTES=@OLD_SQL_NOTES */;

-- Dump completed on 2023-05-17 16:08:51
